序号,汉字,频度统计,频度顺序,频率,,
948,的,7922684,1,4.1261%,,
1,一,3050722,2,1.5888%,,
1192,是,2615490,3,1.3621%,,
86,不,2237915,4,1.1655%,,
15,了,2128528,5,1.1085%,,
346,在,2009181,6,1.0464%,,
9,人,1867999,7,0.9728%,,
347,有,1782004,8,0.9281%,,
648,我,1690048,9,0.8802%,,
247,他,1595761,10,0.8311%,,
711,这,1552042,11,0.8083%,,
43,个,1199580,12,0.6247%,,
243,们,1169853,13,0.6093%,,
105,中,1104541,14,0.5752%,,
610,来,1079469,15,0.5622%,,
34,上,1069575,16,0.5570%,,
30,大,1054064,17,0.5489%,,
153,为,1039036,18,0.5411%,,
931,和,1010465,19,0.5262%,,
897,国,985350,20,0.5132%,,
327,地,969349,21,0.5048%,,
881,到,965035,22,0.5026%,,
168,以,910627,23,0.4742%,,
1379,说,874977,24,0.4557%,,
617,时,833532,25,0.4341%,,
1164,要,811011,26,0.4224%,,
2067,就,771108,27,0.4016%,,
294,出,755256,28,0.3933%,,
432,会,734888,29,0.3827%,,
195,可,723108,30,0.3766%,,
62,也,710259,31,0.3699%,,
666,你,705205,32,0.3673%,,
305,对,703632,33,0.3664%,,
235,生,682031,34,0.3552%,,
1694,能,665358,35,0.3465%,,
350,而,649239,36,0.3381%,,
60,子,640640,37,0.3336%,,
498,那,638538,38,0.3325%,,
1808,得,630688,39,0.3285%,,
21,于,630524,40,0.3284%,,
1850,着,626326,41,0.3262%,,
29,下,621185,42,0.3235%,,
424,自,611687,43,0.3186%,,
55,之,609003,44,0.3172%,,
396,年,601887,45,0.3135%,,
339,过,589925,46,0.3072%,,
302,发,572904,47,0.2984%,,
428,后,570764,48,0.2973%,,
661,作,542791,49,0.2827%,,
621,里,537795,50,0.2801%,,
253,用,535480,51,0.2789%,,
2076,道,534695,52,0.2785%,,
429,行,531848,53,0.2770%,,
957,所,523028,54,0.2724%,,
2063,然,511026,55,0.2661%,,
1656,家,509790,56,0.2655%,,
1245,种,503344,57,0.2621%,,
860,事,499172,58,0.2600%,,
359,成,499007,59,0.2599%,,
151,方,492763,60,0.2566%,,
450,多,481689,61,0.2509%,,
1100,经,481338,62,0.2507%,,
50,么,477969,63,0.2489%,,
188,去,476270,64,0.2480%,,
1019,法,466816,65,0.2431%,,
1042,学,464261,66,0.2418%,,
511,如,449036,67,0.2339%,,
1444,都,439568,68,0.2289%,,
381,同,437611,69,0.2279%,,
798,现,433960,70,0.2260%,,
374,当,429274,71,0.2236%,,
730,没,428146,72,0.2230%,,
314,动,426839,73,0.2223%,,
1174,面,425180,74,0.2214%,,
1435,起,424933,75,0.2213%,,
1237,看,424616,76,0.2211%,,
1045,定,422538,77,0.2201%,,
75,天,419884,78,0.2187%,,
135,分,419382,79,0.2184%,,
608,还,415855,80,0.2166%,,
532,进,412166,81,0.2147%,,
513,好,411866,82,0.2145%,,
35,小,410987,83,0.2140%,,
1613,部,403066,84,0.2099%,,
831,其,403028,85,0.2099%,,
886,些,400528,86,0.2086%,,
268,主,399693,87,0.2082%,,
1474,样,398149,88,0.2074%,,
1703,理,398087,89,0.2073%,,
160,心,392228,90,0.2043%,,
514,她,388612,91,0.2024%,,
193,本,388118,92,0.2021%,,
1328,前,381431,93,0.1986%,,
73,开,377012,94,0.1963%,,
659,但,374459,95,0.1950%,,
384,因,371612,96,0.1935%,,
226,只,370059,97,0.1927%,,
132,从,369958,98,0.1927%,,
2154,想,368819,99,0.1921%,,
1052,实,368494,100,0.1919%,,
104,日,363763,101,0.1894%,,
490,军,362526,102,0.1888%,,
812,者,360974,103,0.1880%,,
2234,意,360232,104,0.1876%,,
76,无,359265,105,0.1871%,,
16,力,359136,106,0.1870%,,
280,它,346173,107,0.1803%,,
32,与,345532,108,0.1800%,,
117,长,342148,109,0.1782%,,
574,把,340730,110,0.1775%,,
337,机,339823,111,0.1770%,,
4,十,338954,112,0.1765%,,
293,民,335796,113,0.1749%,,
1795,第,325780,114,0.1697%,,
137,公,318626,115,0.1659%,,
367,此,318534,116,0.1659%,,
59,已,318143,117,0.1657%,,
25,工,317532,118,0.1654%,,
937,使,316273,119,0.1647%,,
1873,情,312900,120,0.1630%,,
900,明,309873,121,0.1614%,,
1038,性,309844,122,0.1614%,,
924,知,306384,123,0.1596%,,
431,全,305248,124,0.1590%,,
20,三,304272,125,0.1585%,,
19,又,302933,126,0.1578%,,
473,关,302473,127,0.1575%,,
1185,点,300800,128,0.1567%,,
183,正,296810,129,0.1546%,,
210,业,296169,130,0.1542%,,
261,外,295645,131,0.1540%,,
1300,将,295586,132,0.1539%,,
602,两,294600,133,0.1534%,,
1595,高,293542,134,0.1529%,,
718,间,292227,135,0.1522%,,
224,由,292199,136,0.1522%,,
469,问,288237,137,0.1501%,,
1273,很,284252,138,0.1480%,,
1987,最,283689,139,0.1477%,,
1248,重,282843,140,0.1473%,,
472,并,281616,141,0.1467%,,
927,物,281146,142,0.1464%,,
113,手,280442,143,0.1461%,,
709,应,280384,144,0.1460%,,
1184,战,278776,145,0.1452%,,
426,向,276986,146,0.1443%,,
276,头,274911,147,0.1432%,,
149,文,274222,148,0.1428%,,
657,体,273792,149,0.1426%,,
1117,政,269878,150,0.1406%,,
1322,美,269452,151,0.1403%,,
1156,相,269125,152,0.1402%,,
110,见,269080,153,0.1401%,,
1672,被,268905,154,0.1400%,,
650,利,268813,155,0.1400%,,
119,什,267869,156,0.1395%,,
3,二,267506,157,0.1393%,,
2031,等,266296,158,0.1387%,,
464,产,265164,159,0.1381%,,
857,或,260786,160,0.1358%,,
2232,新,253921,161,0.1322%,,
58,己,250894,162,0.1307%,,
923,制,250754,163,0.1306%,,
670,身,249725,164,0.1301%,,
894,果,246831,165,0.1285%,,
298,加,243648,166,0.1269%,,
343,西,243619,167,0.1269%,,
1938,斯,240900,168,0.1255%,,
139,月,240566,169,0.1253%,,
1062,话,240067,170,0.1250%,,
434,合,239277,171,0.1246%,,
390,回,239243,172,0.1246%,,
1532,特,239091,173,0.1245%,,
241,代,231734,174,0.1207%,,
108,内,231331,175,0.1205%,,
1263,信,230248,176,0.1199%,,
799,表,226768,177,0.1181%,,
122,化,224729,178,0.1170%,,
321,老,223050,179,0.1162%,,
1412,给,217815,180,0.1134%,,
190,世,214990,181,0.1120%,,
668,位,214983,182,0.1120%,,
462,次,214857,183,0.1119%,,
1305,度,214376,184,0.1116%,,
53,门,212769,185,0.1108%,,
415,任,212485,186,0.1107%,,
1761,常,212309,187,0.1106%,,
398,先,210628,188,0.1097%,,
1639,海,209302,189,0.1090%,,
1693,通,209046,190,0.1089%,,
1716,教,208875,191,0.1088%,,
14,儿,207827,192,0.1082%,,
1488,原,207579,193,0.1081%,,
206,东,206238,194,0.1074%,,
573,声,206083,195,0.1073%,,
1922,提,205159,196,0.1068%,,
270,立,204985,197,0.1068%,,
47,及,202671,198,0.1055%,,
98,比,200645,199,0.1045%,,
634,员,200217,200,0.1043%,,
2228,解,200090,201,0.1042%,,
109,水,198933,202,0.1036%,,
449,名,198481,203,0.1034%,,
1463,真,198416,204,0.1033%,,
492,论,197165,205,0.1027%,,
262,处,194237,206,0.1012%,,
549,走,193619,207,0.1008%,,
54,义,193507,208,0.1008%,,
448,各,193435,209,0.1007%,,
10,入,192433,210,0.1002%,,
13,几,192355,211,0.1002%,,
36,口,191936,212,0.1000%,,
159,认,191866,213,0.0999%,,
694,条,191280,214,0.0996%,,
203,平,191267,215,0.0996%,,
700,系,190769,216,0.0994%,,
115,气,190687,217,0.0993%,,
2380,题,189921,218,0.0989%,,
1345,活,189876,219,0.0989%,,
2522,尔,189785,220,0.0988%,,
599,更,187378,221,0.0976%,,
641,别,186634,222,0.0972%,,
181,打,186146,223,0.0969%,,
63,女,185188,224,0.0964%,,
990,变,185121,225,0.0964%,,
234,四,184874,226,0.0963%,,
1375,神,184554,227,0.0961%,,
1331,总,184470,228,0.0961%,,
658,何,184335,229,0.0960%,,
221,电,183834,230,0.0957%,,
2236,数,183312,231,0.0955%,,
488,安,183210,232,0.0954%,,
103,少,183018,233,0.0953%,,
575,报,182411,234,0.0950%,,
27,才,181725,235,0.0946%,,
1408,结,181674,236,0.0946%,,
129,反,181385,237,0.0945%,,
964,受,180928,238,0.0942%,,
216,目,180827,239,0.0942%,,
87,太,180490,240,0.0940%,,
1988,量,180008,241,0.0937%,,
341,再,179607,242,0.0935%,,
2161,感,178383,243,0.0929%,,
1067,建,178289,244,0.0929%,,
265,务,176085,245,0.0917%,,
1797,做,175580,246,0.0914%,,
1720,接,175473,247,0.0914%,,
286,必,174963,248,0.0911%,,
329,场,173632,249,0.0904%,,
414,件,172895,250,0.0900%,,
157,计,171949,251,0.0895%,,
2312,管,170746,252,0.0889%,,
1939,期,169806,253,0.0884%,,
269,市,169522,254,0.0883%,,
840,直,169439,255,0.0882%,,
2404,德,168917,256,0.0880%,,
1608,资,168890,257,0.0880%,,
960,命,168358,258,0.0877%,,
38,山,168142,259,0.0876%,,
959,金,167912,260,0.0874%,,
1126,指,166865,261,0.0869%,,
587,克,166044,262,0.0865%,,
491,许,166034,263,0.0865%,,
1417,统,165820,264,0.0864%,,
89,区,164775,265,0.0858%,,
1257,保,164424,266,0.0856%,,
366,至,163582,267,0.0852%,,
166,队,162938,268,0.0849%,,
531,形,162049,269,0.0844%,,
749,社,159527,270,0.0831%,,
1252,便,159479,271,0.0831%,,
1050,空,158539,272,0.0826%,,
465,决,157959,273,0.0823%,,
1036,治,156904,274,0.0817%,,
1683,展,156759,275,0.0816%,,
68,马,155772,276,0.0811%,,
1247,科,155750,277,0.0811%,,
291,司,155229,278,0.0808%,,
83,五,154316,279,0.0804%,,
1726,基,153462,280,0.0799%,,
1766,眼,152079,281,0.0792%,,
173,书,151357,282,0.0788%,,
882,非,149915,283,0.0781%,,
393,则,149042,284,0.0776%,,
635,听,148988,285,0.0776%,,
245,白,148728,286,0.0775%,,
576,却,148679,287,0.0774%,,
1206,界,148438,288,0.0773%,,
356,达,147907,289,0.0770%,,
373,光,147639,290,0.0769%,,
1003,放,147600,291,0.0769%,,
2112,强,146665,292,0.0764%,,
757,即,146459,293,0.0763%,,
2217,像,145291,294,0.0757%,,
214,且,144597,295,0.0753%,,
1695,难,144597,296,0.0753%,,
338,权,144506,297,0.0753%,,
1210,思,144503,298,0.0753%,,
71,王,143948,299,0.0750%,,
1823,象,143453,300,0.0747%,,
736,完,143120,301,0.0745%,,
495,设,142742,302,0.0743%,,
312,式,142292,303,0.0741%,,
452,色,142231,304,0.0741%,,
2189,路,141812,305,0.0739%,,
289,记,139501,306,0.0727%,,
1150,南,139078,307,0.0724%,,
1213,品,138528,308,0.0721%,,
667,住,138503,309,0.0721%,,
647,告,138285,310,0.0720%,,
1326,类,138280,311,0.0720%,,
598,求,138216,312,0.0720%,,
1723,据,137990,313,0.0719%,,
2027,程,136962,314,0.0713%,,
208,北,136939,315,0.0713%,,
301,边,136277,316,0.0710%,,
358,死,136194,317,0.0709%,,
764,张,136087,318,0.0709%,,
1065,该,136053,319,0.0709%,,
461,交,135727,320,0.0707%,,
800,规,134528,321,0.0701%,,
33,万,134220,322,0.0699%,,
832,取,134102,323,0.0698%,,
821,拉,134051,324,0.0698%,,
1471,格,133986,325,0.0698%,,
1848,望,133145,326,0.0693%,,
1361,觉,132041,327,0.0688%,,
194,术,131634,328,0.0686%,,
1818,领,130993,329,0.0682%,,
331,共,128824,330,0.0671%,,
1971,确,128417,331,0.0669%,,
405,传,128186,332,0.0668%,,
369,师,128086,333,0.0667%,,
518,观,127796,334,0.0666%,,
1858,清,127716,335,0.0665%,,
133,今,126624,336,0.0659%,,
100,切,126391,337,0.0658%,,
1392,院,126115,338,0.0657%,,
283,让,125660,339,0.0654%,,
750,识,125220,340,0.0652%,,
1557,候,124865,341,0.0650%,,
1140,带,124619,342,0.0649%,,
501,导,124463,343,0.0648%,,
451,争,124420,344,0.0648%,,
537,运,123903,345,0.0645%,,
1546,笑,122902,346,0.0640%,,
64,飞,122290,347,0.0637%,,
143,风,121803,348,0.0634%,,
612,步,121267,349,0.0632%,,
763,改,121023,350,0.0630%,,
506,收,120897,351,0.0630%,,
1475,根,120778,352,0.0629%,,
22,干,120564,353,0.0628%,,
1534,造,120496,354,0.0628%,,
701,言,120308,355,0.0627%,,
1941,联,120301,356,0.0627%,,
1111,持,119990,357,0.0625%,,
1092,组,119734,358,0.0624%,,
654,每,119594,359,0.0623%,,
1349,济,119161,360,0.0621%,,
94,车,118824,361,0.0619%,,
1313,亲,118451,362,0.0617%,,
595,极,117736,363,0.0613%,,
844,林,117675,364,0.0613%,,
977,服,116961,365,0.0609%,,
735,快,116923,366,0.0609%,,
167,办,116904,367,0.0609%,,
287,议,116810,368,0.0608%,,
953,往,116539,369,0.0607%,,
77,元,116488,370,0.0607%,,
838,英,116193,371,0.0605%,,
24,士,115704,372,0.0603%,,
744,证,115610,373,0.0602%,,
673,近,115441,374,0.0601%,,
236,失,115346,375,0.0601%,,
877,转,115087,376,0.0599%,,
74,夫,114784,377,0.0598%,,
252,令,114570,378,0.0597%,,
1597,准,113877,379,0.0593%,,
201,布,113652,380,0.0592%,,
1086,始,112987,381,0.0588%,,
1239,怎,112294,382,0.0585%,,
910,呢,112185,383,0.0584%,,
349,存,110970,384,0.0578%,,
179,未,110491,385,0.0575%,,
535,远,110455,386,0.0575%,,
230,叫,110131,387,0.0574%,,
306,台,109362,388,0.0570%,,
1011,单,109359,389,0.0570%,,
2383,影,108862,390,0.0567%,,
893,具,108811,391,0.0567%,,
914,罗,108376,392,0.0564%,,
487,字,108218,393,0.0564%,,
1575,爱,108167,394,0.0563%,,
180,击,107513,395,0.0560%,,
1643,流,107397,396,0.0559%,,
986,备,107114,397,0.0558%,,
655,兵,106982,398,0.0557%,,
611,连,106814,399,0.0556%,,
1676,调,106379,400,0.0554%,,
1869,深,105924,401,0.0552%,,
1845,商,105406,402,0.0549%,,
2310,算,105293,403,0.0548%,,
950,质,104560,404,0.0545%,,
380,团,104151,405,0.0542%,,
2043,集,104019,406,0.0542%,,
348,百,103938,407,0.0541%,,
2296,需,103832,408,0.0541%,,
417,价,103634,409,0.0540%,,
579,花,103367,410,0.0538%,,
1504,党,103165,411,0.0537%,,
419,华,103158,412,0.0537%,,
1115,城,102833,413,0.0536%,,
200,石,102149,414,0.0532%,,
523,级,102018,415,0.0531%,,
2427,整,100910,416,0.0526%,,
996,府,100771,417,0.0525%,,
1606,离,100744,418,0.0525%,,
705,况,100680,419,0.0524%,,
333,亚,100251,420,0.0522%,,
1664,请,100226,421,0.0522%,,
541,技,99790,422,0.0520%,,
766,际,99412,423,0.0518%,,
524,约,99148,424,0.0516%,,
177,示,98963,425,0.0515%,,
1249,复,98822,426,0.0515%,,
1601,病,98692,427,0.0514%,,
1565,息,98447,428,0.0513%,,
740,究,98377,429,0.0512%,,
1090,线,98261,430,0.0512%,,
427,似,98057,431,0.0511%,,
1049,官,97897,432,0.0510%,,
152,火,97760,433,0.0509%,,
1855,断,97235,434,0.0506%,,
2334,精,97135,435,0.0506%,,
2242,满,96954,436,0.0505%,,
84,支,96814,437,0.0504%,,
1061,视,96326,438,0.0502%,,
1637,消,96263,439,0.0501%,,
1918,越,95657,440,0.0498%,,
2433,器,95444,441,0.0497%,,
1661,容,95407,442,0.0497%,,
2185,照,95020,443,0.0495%,,
1274,须,94903,444,0.0494%,,
12,九,94580,445,0.0493%,,
2365,增,93869,446,0.0489%,,
1168,研,93761,447,0.0488%,,
282,写,93710,448,0.0488%,,
1542,称,93638,449,0.0488%,,
436,企,93453,450,0.0487%,,
11,八,92700,451,0.0483%,,
186,功,92052,452,0.0479%,,
386,吗,91639,453,0.0477%,,
266,包,91240,454,0.0475%,,
120,片,90559,455,0.0472%,,
225,史,90469,456,0.0471%,,
933,委,90263,457,0.0470%,,
250,乎,90127,458,0.0469%,,
1157,查,90039,459,0.0469%,,
1180,轻,89852,460,0.0468%,,
901,易,89730,461,0.0467%,,
375,早,89623,462,0.0467%,,
2077,曾,89328,463,0.0465%,,
1390,除,89272,464,0.0465%,,
493,农,88412,465,0.0460%,,
545,找,88247,466,0.0460%,,
2065,装,88143,467,0.0459%,,
51,广,87900,468,0.0458%,,
1196,显,87825,469,0.0457%,,
639,吧,87536,470,0.0456%,,
768,阿,87159,471,0.0454%,,
596,李,86593,472,0.0451%,,
1152,标,86324,473,0.0450%,,
1679,谈,86089,474,0.0448%,,
383,吃,85976,475,0.0448%,,
921,图,85957,476,0.0448%,,
967,念,85953,477,0.0448%,,
150,六,85830,478,0.0447%,,
162,引,85740,479,0.0447%,,
90,历,85487,480,0.0445%,,
1329,首,85036,481,0.0443%,,
604,医,84620,482,0.0441%,,
762,局,84587,483,0.0441%,,
1366,突,84474,484,0.0440%,,
78,专,84361,485,0.0439%,,
1386,费,84359,486,0.0439%,,
222,号,84335,487,0.0439%,,
500,尽,84270,488,0.0439%,,
231,另,83702,489,0.0436%,,
979,周,83366,490,0.0434%,,
1495,较,82870,491,0.0432%,,
1028,注,82869,492,0.0432%,,
1371,语,82805,493,0.0431%,,
126,仅,82729,494,0.0431%,,
319,考,82688,495,0.0431%,,
1950,落,82641,496,0.0430%,,
796,青,82619,497,0.0430%,,
1895,随,82599,498,0.0430%,,
1241,选,82498,499,0.0430%,,
357,列,82418,500,0.0429%,,
795,武,81863,501,0.0426%,,
521,红,81852,502,0.0426%,,
1218,响,81702,503,0.0425%,,
1212,虽,81097,504,0.0422%,,
1713,推,80933,505,0.0421%,,
818,势,80705,506,0.0420%,,
1088,参,80663,507,0.0420%,,
678,希,80460,508,0.0419%,,
191,古,80454,509,0.0419%,,
437,众,80390,510,0.0419%,,
852,构,80364,511,0.0419%,,
1057,房,80320,512,0.0418%,,
273,半,80183,513,0.0418%,,
192,节,80074,514,0.0417%,,
26,土,79809,515,0.0416%,,
562,投,79708,516,0.0415%,,
1135,某,79482,517,0.0414%,,
1663,案,79395,518,0.0413%,,
2010,黑,78896,519,0.0411%,,
1907,维,78877,520,0.0411%,,
1137,革,78685,521,0.0410%,,
363,划,78648,522,0.0410%,,
1536,敌,78620,523,0.0409%,,
1498,致,78238,524,0.0407%,,
769,陈,77914,525,0.0406%,,
1272,律,77818,526,0.0405%,,
628,足,77385,527,0.0403%,,
871,态,77219,528,0.0402%,,
568,护,76993,529,0.0401%,,
7,七,76766,530,0.0400%,,
483,兴,76760,531,0.0400%,,
1346,派,76750,532,0.0400%,,
1389,孩,76620,533,0.0399%,,
1700,验,76542,534,0.0399%,,
797,责,76377,535,0.0398%,,
1738,营,76372,536,0.0398%,,
1200,星,76320,537,0.0397%,,
1824,够,76181,538,0.0397%,,
1843,章,76098,539,0.0396%,,
1314,音,76043,540,0.0396%,,
2190,跟,75958,541,0.0396%,,
570,志,75904,542,0.0395%,,
997,底,75728,543,0.0394%,,
1610,站,75402,544,0.0393%,,
584,严,75278,545,0.0392%,,
164,巴,74917,546,0.0390%,,
938,例,74579,547,0.0388%,,
509,防,74459,548,0.0388%,,
1846,族,74174,549,0.0386%,,
936,供,74168,550,0.0386%,,
1605,效,74009,551,0.0385%,,
1904,续,73927,552,0.0385%,,
1316,施,73861,553,0.0385%,,
1588,留,73287,554,0.0382%,,
489,讲,73220,555,0.0381%,,
1108,型,73216,556,0.0381%,,
1622,料,72778,557,0.0379%,,
1096,终,72533,558,0.0378%,,
2036,答,72421,559,0.0377%,,
1503,紧,72300,560,0.0377%,,
1729,黄,72199,561,0.0376%,,
1415,绝,72074,562,0.0375%,,
869,奇,71919,563,0.0375%,,
2347,察,71894,564,0.0374%,,
309,母,71462,565,0.0372%,,
991,京,71245,566,0.0371%,,
1251,段,71172,567,0.0371%,,
947,依,70632,568,0.0368%,,
546,批,70580,569,0.0368%,,
2259,群,70459,570,0.0367%,,
1112,项,70453,571,0.0367%,,
1148,故,70067,572,0.0365%,,
1132,按,69984,573,0.0364%,,
1021,河,69687,574,0.0363%,,
474,米,69668,575,0.0363%,,
625,围,69641,576,0.0363%,,
479,江,69602,577,0.0362%,,
1095,织,69482,578,0.0362%,,
1654,害,69462,579,0.0362%,,
154,斗,69456,580,0.0362%,,
172,双,69440,581,0.0362%,,
2277,境,69360,582,0.0361%,,
1369,客,69108,583,0.0360%,,
525,纪,69045,584,0.0360%,,
963,采,68946,585,0.0359%,,
1360,举,68924,586,0.0359%,,
433,杀,68776,587,0.0358%,,
553,攻,68747,588,0.0358%,,
131,父,68576,589,0.0357%,,
588,苏,68487,590,0.0357%,,
1886,密,68475,591,0.0357%,,
665,低,68424,592,0.0356%,,
1951,朝,68380,593,0.0356%,,
92,友,68196,594,0.0355%,,
751,诉,68147,595,0.0355%,,
102,止,68082,596,0.0355%,,
1093,细,67915,597,0.0354%,,
2295,愿,67915,598,0.0354%,,
39,千,67843,599,0.0353%,,
1550,值,67732,600,0.0353%,,
125,仍,67490,601,0.0351%,,
630,男,67405,602,0.0351%,,
1524,钱,67304,603,0.0351%,,
1487,破,67268,604,0.0350%,,
395,网,67118,605,0.0350%,,
1450,热,67051,606,0.0349%,,
619,助,66867,607,0.0348%,,
1553,倒,66634,608,0.0347%,,
1005,育,66551,609,0.0347%,,
2110,属,66374,610,0.0346%,,
679,坐,66293,611,0.0345%,,
1315,帝,66035,612,0.0344%,,
1081,限,66018,613,0.0344%,,
1811,船,65883,614,0.0343%,,
1821,脸,65727,615,0.0342%,,
1725,职,65272,616,0.0340%,,
1478,速,65094,617,0.0339%,,
1004,刻,65015,618,0.0339%,,
256,乐,64965,619,0.0338%,,
607,否,64772,620,0.0337%,,
392,刚,64622,621,0.0337%,,
1166,威,64559,622,0.0336%,,
114,毛,64522,623,0.0336%,,
703,状,64495,624,0.0336%,,
1849,率,64453,625,0.0336%,,
1136,甚,64438,626,0.0336%,,
1288,独,64201,627,0.0334%,,
1702,球,63913,628,0.0333%,,
1570,般,63739,629,0.0332%,,
2073,普,63570,630,0.0331%,,
1039,怕,63520,631,0.0331%,,
1894,弹,63417,632,0.0330%,,
1472,校,63200,633,0.0329%,,
833,苦,63194,634,0.0329%,,
440,创,63156,635,0.0329%,,
1807,假,62691,636,0.0326%,,
45,久,62588,637,0.0326%,,
2198,错,62401,638,0.0325%,,
1076,承,62285,639,0.0324%,,
255,印,62179,640,0.0324%,,
1770,晚,62142,641,0.0324%,,
272,兰,61951,642,0.0323%,,
1053,试,61912,643,0.0322%,,
975,股,61861,644,0.0322%,,
1573,拿,61798,645,0.0322%,,
1584,脑,61647,646,0.0321%,,
1696,预,61534,647,0.0320%,,
1675,谁,61528,648,0.0320%,,
1623,益,60896,649,0.0317%,,
505,阳,60867,650,0.0317%,,
834,若,60736,651,0.0316%,,
1222,哪,60708,652,0.0316%,,
2219,微,60484,653,0.0315%,,
292,尼,60474,654,0.0315%,,
1701,继,60428,655,0.0315%,,
1325,送,60182,656,0.0313%,,
1294,急,60141,657,0.0313%,,
425,血,59944,658,0.0312%,,
1879,惊,59724,659,0.0311%,,
416,伤,59632,660,0.0311%,,
1424,素,59100,661,0.0308%,,
1151,药,59090,662,0.0308%,,
1242,适,58927,663,0.0307%,,
1033,波,58859,664,0.0307%,,
994,夜,58839,665,0.0306%,,
1189,省,58642,666,0.0305%,,
748,初,58587,667,0.0305%,,
1926,喜,58449,668,0.0304%,,
61,卫,58408,669,0.0304%,,
2244,源,58145,670,0.0303%,,
1278,食,58110,671,0.0303%,,
1391,险,58047,672,0.0302%,,
1271,待,57757,673,0.0301%,,
854,述,57744,674,0.0301%,,
767,陆,57430,675,0.0299%,,
66,习,57329,676,0.0299%,,
2195,置,57255,677,0.0298%,,
1071,居,56307,678,0.0293%,,
586,劳,56119,679,0.0292%,,
644,财,56037,680,0.0292%,,
794,环,55971,681,0.0291%,,
1710,排,55938,682,0.0291%,,
2258,福,55871,683,0.0291%,,
782,纳,55597,684,0.0290%,,
519,欢,55294,685,0.0288%,,
2168,雷,55226,686,0.0288%,,
2481,警,55189,687,0.0287%,,
1460,获,55064,688,0.0287%,,
2285,模,54891,689,0.0286%,,
466,充,54812,690,0.0285%,,
447,负,54616,691,0.0284%,,
79,云,54510,692,0.0284%,,
1805,停,54453,693,0.0284%,,
82,木,54433,694,0.0283%,,
2088,游,54262,695,0.0283%,,
202,龙,54169,696,0.0282%,,
1163,树,54037,697,0.0281%,,
2321,疑,53982,698,0.0281%,,
758,层,53705,699,0.0280%,,
710,冷,53460,700,0.0278%,,
1351,洲,53429,701,0.0278%,,
454,冲,53378,702,0.0278%,,
1563,射,53184,703,0.0277%,,
1774,略,53068,704,0.0276%,,
839,范,53033,705,0.0276%,,
1844,竟,53033,706,0.0276%,,
257,句,52891,707,0.0275%,,
1363,室,52846,708,0.0275%,,
502,异,52735,709,0.0275%,,
2451,激,52723,710,0.0275%,,
277,汉,52656,711,0.0274%,,
593,村,52603,712,0.0274%,,
1219,哈,52475,713,0.0273%,,
2033,策,52394,714,0.0273%,,
2342,演,52394,715,0.0273%,,
2211,简,52280,716,0.0272%,,
207,卡,52244,717,0.0272%,,
2196,罪,52068,718,0.0271%,,
720,判,52045,719,0.0271%,,
805,担,51792,720,0.0270%,,
476,州,51533,721,0.0268%,,
2268,静,51401,722,0.0268%,,
1382,退,51272,723,0.0267%,,
1383,既,51208,724,0.0267%,,
463,衣,51134,725,0.0266%,,
1803,您,51094,726,0.0266%,,
1044,宗,50799,727,0.0265%,,
1539,积,50720,728,0.0264%,,
677,余,50601,729,0.0264%,,
2068,痛,50459,730,0.0263%,,
1743,检,50413,731,0.0263%,,
1320,差,50349,732,0.0262%,,
2099,富,50273,733,0.0262%,,
756,灵,50134,734,0.0261%,,
342,协,50123,735,0.0261%,,
692,角,50081,736,0.0261%,,
209,占,49980,737,0.0260%,,
1481,配,49900,738,0.0260%,,
952,征,49855,739,0.0260%,,
1256,修,49829,740,0.0260%,,
300,皮,49803,741,0.0259%,,
1133,挥,49702,742,0.0259%,,
1281,胜,49565,743,0.0258%,,
1080,降,49306,744,0.0257%,,
507,阶,49058,745,0.0255%,,
1047,审,48862,746,0.0254%,,
732,沉,48772,747,0.0254%,,
613,坚,48749,748,0.0254%,,
2071,善,48739,749,0.0254%,,
515,妈,48622,750,0.0253%,,
459,刘,48600,751,0.0253%,,
1667,读,48304,752,0.0252%,,
1517,啊,48244,753,0.0251%,,
1921,超,48218,754,0.0251%,,
689,免,48044,755,0.0250%,,
344,压,48038,756,0.0250%,,
1786,银,47955,757,0.0250%,,
520,买,47788,758,0.0249%,,
1264,皇,47750,759,0.0249%,,
1321,养,47702,760,0.0248%,,
2541,伊,47619,761,0.0248%,,
733,怀,47561,762,0.0248%,,
322,执,47543,763,0.0248%,,
1748,副,47520,764,0.0247%,,
649,乱,47474,765,0.0247%,,
564,抗,47342,766,0.0247%,,
260,犯,47098,767,0.0245%,,
1268,追,47079,768,0.0245%,,
1104,帮,47065,769,0.0245%,,
1362,宣,47041,770,0.0245%,,
672,佛,47038,771,0.0245%,,
389,岁,46835,772,0.0244%,,
1571,航,46789,773,0.0244%,,
411,优,46613,774,0.0243%,,
1041,怪,46600,775,0.0243%,,
1244,香,46525,776,0.0242%,,
1727,著,46239,777,0.0241%,,
223,田,45886,778,0.0239%,,
1527,铁,45798,779,0.0239%,,
1721,控,45664,780,0.0238%,,
2029,税,45615,781,0.0238%,,
197,左,45568,782,0.0237%,,
199,右,45561,783,0.0237%,,
418,份,45408,784,0.0236%,,
1367,穿,45314,785,0.0236%,,
81,艺,45218,786,0.0235%,,
1183,背,45181,787,0.0235%,,
504,阵,44899,788,0.0234%,,
1141,草,44612,789,0.0232%,,
1819,脚,44529,790,0.0232%,,
2158,概,44501,791,0.0232%,,
1462,恶,44493,792,0.0232%,,
572,块,44475,793,0.0232%,,
1496,顿,44425,794,0.0231%,,
1892,敢,44338,795,0.0231%,,
485,守,44264,796,0.0231%,,
1635,酒,44069,797,0.0230%,,
696,岛,44056,798,0.0229%,,
227,央,44052,799,0.0229%,,
320,托,44052,800,0.0229%,,
158,户,43810,801,0.0228%,,
1491,烈,43751,802,0.0228%,,
1350,洋,43692,803,0.0228%,,
1477,哥,43620,804,0.0227%,,
1476,索,43365,805,0.0226%,,
1149,胡,43199,806,0.0225%,,
1914,款,43087,807,0.0224%,,
2393,靠,42988,808,0.0224%,,
746,评,42966,809,0.0224%,,
939,版,42853,810,0.0223%,,
1043,宝,42836,811,0.0223%,,
1598,座,42814,812,0.0223%,,
2055,释,42749,813,0.0223%,,
1994,景,42738,814,0.0223%,,
1493,顾,42735,815,0.0223%,,
723,弟,42706,816,0.0222%,,
2119,登,42687,817,0.0222%,,
946,货,42602,818,0.0222%,,
99,互,42579,819,0.0222%,,
239,付,42527,820,0.0221%,,
662,伯,42513,821,0.0221%,,
2344,慢,42506,822,0.0221%,,
872,欧,42504,823,0.0221%,,
1448,换,42292,824,0.0220%,,
1317,闻,42253,825,0.0220%,,
444,危,42080,826,0.0219%,,
482,忙,42026,827,0.0219%,,
1473,核,41944,828,0.0218%,,
2184,暗,41881,829,0.0218%,,
1084,姐,41762,830,0.0217%,,
130,介,41749,831,0.0217%,,
542,坏,41723,832,0.0217%,,
281,讨,41717,833,0.0217%,,
603,丽,41363,834,0.0215%,,
743,良,41167,835,0.0214%,,
712,序,41129,836,0.0214%,,
116,升,41105,837,0.0214%,,
1502,监,41082,838,0.0214%,,
1186,临,41068,839,0.0214%,,
1304,亮,41016,840,0.0214%,,
2498,露,40954,841,0.0213%,,
290,永,40936,842,0.0213%,,
907,呼,40709,843,0.0212%,,
895,味,40704,844,0.0212%,,
1768,野,40681,845,0.0212%,,
1399,架,40619,846,0.0212%,,
1707,域,40597,847,0.0211%,,
725,沙,40573,848,0.0211%,,
1711,掉,40541,849,0.0211%,,
1122,括,40519,850,0.0211%,,
1568,舰,40500,851,0.0211%,,
981,鱼,40452,852,0.0211%,,
443,杂,40265,853,0.0210%,,
1377,误,40196,854,0.0209%,,
2086,湾,40101,855,0.0209%,,
317,吉,40081,856,0.0209%,,
1833,减,40011,857,0.0208%,,
2122,编,39879,858,0.0208%,,
2153,楚,39846,859,0.0208%,,
884,肯,39813,860,0.0207%,,
1343,测,39752,861,0.0207%,,
918,败,39627,862,0.0206%,,
1384,屋,39588,863,0.0206%,,
1997,跑,39497,864,0.0206%,,
1740,梦,39486,865,0.0206%,,
1942,散,39336,866,0.0205%,,
2083,温,39312,867,0.0205%,,
631,困,39172,868,0.0204%,,
1276,剑,39020,869,0.0203%,,
1863,渐,39010,870,0.0203%,,
1110,封,38954,871,0.0203%,,
1747,救,38824,872,0.0202%,,
1205,贵,38668,873,0.0201%,,
851,枪,38569,874,0.0201%,,
1530,缺,38506,875,0.0201%,,
2157,楼,38463,876,0.0200%,,
620,县,38407,877,0.0200%,,
891,尚,38376,878,0.0200%,,
1834,毫,38374,879,0.0200%,,
1790,移,38349,880,0.0200%,,
1692,娘,38274,881,0.0199%,,
974,朋,38271,882,0.0199%,,
858,画,38263,883,0.0199%,,
1423,班,38130,884,0.0199%,,
2022,智,38064,885,0.0198%,,
458,亦,37960,886,0.0198%,,
330,耳,37939,887,0.0198%,,
1515,恩,37898,888,0.0197%,,
2021,短,37834,889,0.0197%,,
1984,掌,37729,890,0.0196%,,
1451,恐,37676,891,0.0196%,,
1998,遗,37619,892,0.0196%,,
904,固,37582,893,0.0196%,,
1596,席,37579,894,0.0196%,,
850,松,37563,895,0.0196%,,
1543,秘,37560,896,0.0196%,,
2107,谢,37550,897,0.0196%,,
2060,鲁,37474,898,0.0195%,,
1992,遇,37343,899,0.0194%,,
1839,康,37302,900,0.0194%,,
1501,虑,37208,901,0.0194%,,
824,幸,37198,902,0.0194%,,
560,均,36842,903,0.0192%,,
2014,销,36821,904,0.0192%,,
1230,钟,36770,905,0.0191%,,
1055,诗,36762,906,0.0191%,,
2459,藏,36704,907,0.0191%,,
1434,赶,36599,908,0.0191%,,
1684,剧,36585,909,0.0191%,,
1749,票,36459,910,0.0190%,,
1443,损,36444,911,0.0190%,,
984,忽,36378,912,0.0189%,,
95,巨,36351,913,0.0189%,,
1334,炮,36315,914,0.0189%,,
211,旧,36291,915,0.0189%,,
2332,端,36233,916,0.0189%,,
1722,探,36230,917,0.0189%,,
2080,湖,36112,918,0.0188%,,
1069,录,36080,919,0.0188%,,
217,叶,36032,920,0.0188%,,
1103,春,36027,921,0.0188%,,
69,乡,36025,922,0.0188%,,
771,附,35955,923,0.0187%,,
385,吸,35891,924,0.0187%,,
170,予,35757,925,0.0186%,,
284,礼,35612,926,0.0185%,,
2079,港,35577,927,0.0185%,,
863,雨,35370,928,0.0184%,,
626,呀,35343,929,0.0184%,,
849,板,35332,930,0.0184%,,
1307,庭,35205,931,0.0183%,,
512,妇,35188,932,0.0183%,,
213,归,35153,933,0.0183%,,
2176,睛,35082,934,0.0183%,,
698,饭,35076,935,0.0183%,,
2417,额,34823,936,0.0181%,,
682,含,34759,937,0.0181%,,
1255,顺,34708,938,0.0181%,,
2172,输,34688,939,0.0181%,,
2137,摇,34635,940,0.0180%,,
825,招,34625,941,0.0180%,,
1899,婚,34610,942,0.0180%,,
1822,脱,34548,943,0.0180%,,
747,补,34542,944,0.0180%,,
3068,谓,34527,945,0.0180%,,
2173,督,34523,946,0.0180%,,
1107,毒,34517,947,0.0180%,,
1024,油,34469,948,0.0180%,,
708,疗,34467,949,0.0180%,,
1615,旅,34384,950,0.0179%,,
1035,泽,34311,951,0.0179%,,
592,材,34237,952,0.0178%,,
204,灭,34135,953,0.0178%,,
1490,逐,34128,954,0.0178%,,
1458,莫,34097,955,0.0178%,,
1545,笔,34057,956,0.0177%,,
52,亡,33917,957,0.0177%,,
2320,鲜,33720,958,0.0176%,,
753,词,33669,959,0.0175%,,
304,圣,33620,960,0.0175%,,
829,择,33615,961,0.0175%,,
497,寻,33469,962,0.0174%,,
6,厂,33468,963,0.0174%,,
2177,睡,33420,964,0.0174%,,
1924,博,33366,965,0.0174%,,
1728,勒,33228,966,0.0173%,,
1630,烟,33137,967,0.0173%,,
1715,授,33017,968,0.0172%,,
2931,诺,32991,969,0.0172%,,
2540,伦,32822,970,0.0171%,,
911,岸,32807,971,0.0171%,,
2047,奥,32761,972,0.0171%,,
1607,唐,32757,973,0.0171%,,
864,卖,32694,974,0.0170%,,
2791,俄,32638,975,0.0170%,,
1333,炸,32540,976,0.0169%,,
1433,载,32456,977,0.0169%,,
2814,洛,32431,978,0.0169%,,
1561,健,32399,979,0.0169%,,
1760,堂,32367,980,0.0169%,,
1614,旁,32268,981,0.0168%,,
1364,宫,32179,982,0.0168%,,
2002,喝,32112,983,0.0167%,,
1549,借,32027,984,0.0167%,,
755,君,31960,985,0.0166%,,
2152,禁,31951,986,0.0166%,,
508,阴,31936,987,0.0166%,,
623,园,31925,988,0.0166%,,
1887,谋,31910,989,0.0166%,,
737,宋,31748,990,0.0165%,,
2454,避,31731,991,0.0165%,,
556,抓,31675,992,0.0165%,,
1147,荣,31662,993,0.0165%,,
1083,姑,31647,994,0.0165%,,
503,孙,31506,995,0.0164%,,
1277,逃,31468,996,0.0164%,,
96,牙,31466,997,0.0164%,,
600,束,31370,998,0.0163%,,
2187,跳,31324,999,0.0163%,,
813,顶,31318,1000,0.0163%,,
175,玉,31279,1001,0.0163%,,
2392,镇,31170,1002,0.0162%,,
1755,雪,30997,1003,0.0161%,,
111,午,30985,1004,0.0161%,,
1091,练,30963,1005,0.0161%,,
438,爷,30930,1006,0.0161%,,
949,迫,30930,1007,0.0161%,,
2400,篇,30894,1008,0.0161%,,
394,肉,30820,1009,0.0161%,,
2431,嘴,30765,1010,0.0160%,,
1831,馆,30564,1011,0.0159%,,
2103,遍,30545,1012,0.0159%,,
46,凡,30533,1013,0.0159%,,
1486,础,30477,1014,0.0159%,,
1342,洞,30399,1015,0.0158%,,
1010,卷,30343,1016,0.0158%,,
806,坦,30341,1017,0.0158%,,
112,牛,30047,1018,0.0156%,,
278,宁,30001,1019,0.0156%,,
787,纸,30001,1020,0.0156%,,
1666,诸,29957,1021,0.0156%,,
285,训,29911,1022,0.0156%,,
653,私,29700,1023,0.0155%,,
456,庄,29679,1024,0.0155%,,
1374,祖,29644,1025,0.0154%,,
311,丝,29585,1026,0.0154%,,
2479,翻,29568,1027,0.0154%,,
2381,暴,29566,1028,0.0154%,,
1957,森,29533,1029,0.0154%,,
1917,塔,29454,1030,0.0153%,,
2435,默,29432,1031,0.0153%,,
1936,握,29418,1032,0.0153%,,
516,戏,29402,1033,0.0153%,,
1898,隐,29294,1034,0.0153%,,
2408,熟,29271,1035,0.0152%,,
1228,骨,29180,1036,0.0152%,,
496,访,29134,1037,0.0152%,,
1686,弱,29129,1038,0.0152%,,
2149,蒙,29019,1039,0.0151%,,
2289,歌,28957,1040,0.0151%,,
993,店,28926,1041,0.0151%,,
1266,鬼,28916,1042,0.0151%,,
880,软,28885,1043,0.0150%,,
903,典,28860,1044,0.0150%,,
1816,欲,28856,1045,0.0150%,,
2965,萨,28804,1046,0.0150%,,
422,伙,28724,1047,0.0150%,,
2290,遭,28642,1048,0.0149%,,
1810,盘,28582,1049,0.0149%,,
962,爸,28526,1050,0.0149%,,
325,扩,28331,1051,0.0148%,,
1851,盖,28310,1052,0.0147%,,
529,弄,28205,1053,0.0147%,,
1975,雄,28184,1054,0.0147%,,
2309,稳,28031,1055,0.0146%,,
716,忘,27961,1056,0.0146%,,
42,亿,27897,1057,0.0145%,,
861,刺,27891,1058,0.0145%,,
815,拥,27833,1059,0.0145%,,
1566,徒,27812,1060,0.0145%,,
2726,姆,27808,1061,0.0145%,,
597,杨,27561,1062,0.0144%,,
460,齐,27480,1063,0.0143%,,
2346,赛,27472,1064,0.0143%,,
2359,趣,27434,1065,0.0143%,,
379,曲,27401,1066,0.0143%,,
18,刀,27292,1067,0.0142%,,
706,床,27283,1068,0.0142%,,
697,迎,27228,1069,0.0142%,,
455,冰,27201,1070,0.0142%,,
1758,虚,27076,1071,0.0141%,,
793,玩,27043,1072,0.0141%,,
848,析,27019,1073,0.0141%,,
2102,窗,26978,1074,0.0140%,,
2429,醒,26899,1075,0.0140%,,
874,妻,26847,1076,0.0140%,,
1544,透,26836,1077,0.0140%,,
920,购,26803,1078,0.0140%,,
1913,替,26687,1079,0.0139%,,
2256,塞,26590,1080,0.0138%,,
775,努,26564,1081,0.0138%,,
408,休,26539,1082,0.0138%,,
887,虎,26514,1083,0.0138%,,
328,扬,26509,1084,0.0138%,,
1572,途,26485,1085,0.0138%,,
1267,侵,26466,1086,0.0138%,,
313,刑,26453,1087,0.0138%,,
1910,绿,26414,1088,0.0138%,,
228,兄,26386,1089,0.0137%,,
499,迅,26321,1090,0.0137%,,
1489,套,26301,1091,0.0137%,,
1292,贸,26198,1092,0.0136%,,
365,毕,26148,1093,0.0136%,,
1779,唯,26041,1094,0.0136%,,
680,谷,26005,1095,0.0135%,,
879,轮,25958,1096,0.0135%,,
707,库,25924,1097,0.0135%,,
1306,迹,25920,1098,0.0135%,,
91,尤,25908,1099,0.0135%,,
1612,竞,25897,1100,0.0135%,,
2048,街,25866,1101,0.0135%,,
1258,促,25792,1102,0.0134%,,
413,延,25768,1103,0.0134%,,
2377,震,25746,1104,0.0134%,,
714,弃,25730,1105,0.0134%,,
218,甲,25620,1106,0.0133%,,
404,伟,25591,1107,0.0133%,,
1835,麻,25584,1108,0.0133%,,
41,川,25575,1109,0.0133%,,
219,申,25531,1110,0.0133%,,
2121,缓,25455,1111,0.0133%,,
2414,潜,25452,1112,0.0133%,,
271,闪,25427,1113,0.0132%,,
1804,售,25405,1114,0.0132%,,
475,灯,25401,1115,0.0132%,,
645,针,25384,1116,0.0132%,,
1445,哲,25353,1117,0.0132%,,
1413,络,25256,1118,0.0132%,,
816,抵,25228,1119,0.0131%,,
397,朱,25195,1120,0.0131%,,
2845,埃,25101,1121,0.0131%,,
819,抱,25069,1122,0.0131%,,
2133,鼓,25016,1123,0.0130%,,
1956,植,24999,1124,0.0130%,,
780,纯,24890,1125,0.0130%,,
1485,夏,24888,1126,0.0130%,,
776,忍,24862,1127,0.0129%,,
351,页,24861,1128,0.0129%,,
853,杰,24796,1129,0.0129%,,
2032,筑,24780,1130,0.0129%,,
555,折,24737,1131,0.0129%,,
1008,郑,24716,1132,0.0129%,,
107,贝,24675,1133,0.0129%,,
2075,尊,24662,1134,0.0128%,,
618,吴,24632,1135,0.0128%,,
652,秀,24620,1136,0.0128%,,
1864,混,24605,1137,0.0128%,,
340,臣,24553,1138,0.0128%,,
1977,雅,24527,1139,0.0128%,,
1432,振,24469,1140,0.0127%,,
1348,染,24444,1141,0.0127%,,
1754,盛,24387,1142,0.0127%,,
1398,怒,24374,1143,0.0127%,,
2308,舞,24360,1144,0.0127%,,
1521,圆,24267,1145,0.0126%,,
2138,搞,24265,1146,0.0126%,,
690,狂,24259,1147,0.0126%,,
2943,措,24172,1148,0.0126%,,
1085,姓,24142,1149,0.0126%,,
1178,残,24030,1150,0.0125%,,
1246,秋,24030,1151,0.0125%,,
1719,培,24009,1152,0.0125%,,
1327,迷,23959,1153,0.0125%,,
1058,诚,23947,1154,0.0125%,,
1655,宽,23918,1155,0.0125%,,
484,宇,23891,1156,0.0124%,,
1829,猛,23862,1157,0.0124%,,
2134,摆,23853,1158,0.0124%,,
1742,梅,23824,1159,0.0124%,,
2212,毁,23773,1160,0.0124%,,
660,伸,23732,1161,0.0124%,,
2409,摩,23645,1162,0.0123%,,
2182,盟,23581,1163,0.0123%,,
178,末,23526,1164,0.0123%,,
17,乃,23520,1165,0.0122%,,
1979,悲,23500,1166,0.0122%,,
811,拍,23483,1167,0.0122%,,
5,丁,23479,1168,0.0122%,,
1119,赵,23428,1169,0.0122%,,
1970,硬,23364,1170,0.0122%,,
530,麦,23271,1171,0.0121%,,
3097,蒋,23237,1172,0.0121%,,
2420,操,23193,1173,0.0121%,,
770,阻,23151,1174,0.0121%,,
156,订,22991,1175,0.0120%,,
1817,彩,22982,1176,0.0120%,,
808,抽,22937,1177,0.0119%,,
2437,赞,22909,1178,0.0119%,,
2494,魔,22835,1179,0.0119%,,
786,纷,22820,1180,0.0119%,,
1026,沿,22781,1181,0.0119%,,
1993,喊,22779,1182,0.0119%,,
536,违,22751,1183,0.0118%,,
1082,妹,22723,1184,0.0118%,,
1645,浪,22639,1185,0.0118%,,
275,汇,22608,1186,0.0118%,,
124,币,22592,1187,0.0118%,,
70,丰,22439,1188,0.0117%,,
2144,蓝,22437,1189,0.0117%,,
1492,殊,22407,1190,0.0117%,,
2151,献,22396,1191,0.0117%,,
1500,桌,22336,1192,0.0116%,,
1769,啦,22263,1193,0.0116%,,
101,瓦,22229,1194,0.0116%,,
2850,莱,22187,1195,0.0116%,,
1931,援,22180,1196,0.0116%,,
754,译,22170,1197,0.0115%,,
354,夺,22148,1198,0.0115%,,
726,汽,22098,1199,0.0115%,,
1628,烧,22078,1200,0.0115%,,
1772,距,21970,1201,0.0114%,,
1932,裁,21918,1202,0.0114%,,
1806,偏,21877,1203,0.0114%,,
1794,符,21862,1204,0.0114%,,
1402,勇,21819,1205,0.0114%,,
2227,触,21719,1206,0.0113%,,
1674,课,21705,1207,0.0113%,,
1948,敬,21646,1208,0.0113%,,
1514,哭,21444,1209,0.0112%,,
2416,懂,21117,1210,0.0110%,,
2271,墙,21101,1211,0.0110%,,
299,召,21098,1212,0.0110%,,
1753,袭,21098,1213,0.0110%,,
1225,罚,21011,1214,0.0109%,,
2685,侠,20999,1215,0.0109%,,
85,厅,20989,1216,0.0109%,,
1236,拜,20978,1217,0.0109%,,
182,巧,20964,1218,0.0109%,,
942,侧,20960,1219,0.0109%,,
3099,韩,20947,1220,0.0109%,,
1198,冒,20917,1221,0.0109%,,
1548,债,20902,1222,0.0109%,,
2984,曼,20897,1223,0.0109%,,
2428,融,20883,1224,0.0109%,,
1881,惯,20880,1225,0.0109%,,
992,享,20830,1226,0.0108%,,
2456,戴,20826,1227,0.0108%,,
2069,童,20813,1228,0.0108%,,
691,犹,20747,1229,0.0108%,,
1535,乘,20731,1230,0.0108%,,
1109,挂,20706,1231,0.0108%,,
1301,奖,20690,1232,0.0108%,,
1099,绍,20681,1233,0.0108%,,
1171,厚,20624,1234,0.0107%,,
785,纵,20599,1235,0.0107%,,
2262,障,20503,1236,0.0107%,,
288,讯,20488,1237,0.0107%,,
1636,涉,20482,1238,0.0107%,,
674,彻,20461,1239,0.0107%,,
176,刊,20458,1240,0.0107%,,
31,丈,20372,1241,0.0106%,,
2486,爆,20340,1242,0.0106%,,
146,乌,20291,1243,0.0106%,,
675,役,20254,1244,0.0105%,,
1706,描,20247,1245,0.0105%,,
1344,洗,20229,1246,0.0105%,,
2560,玛,20207,1247,0.0105%,,
1778,患,20203,1248,0.0105%,,
772,妙,20165,1249,0.0105%,,
2436,镜,20100,1250,0.0105%,,
1777,唱,20085,1251,0.0105%,,
1627,烦,20076,1252,0.0105%,,
2210,签,20057,1253,0.0104%,,
242,仙,20051,1254,0.0104%,,
955,彼,20021,1255,0.0104%,,
1600,症,19878,1256,0.0104%,,
421,仿,19870,1257,0.0103%,,
1552,倾,19849,1258,0.0103%,,
2041,牌,19752,1259,0.0103%,,
1689,陷,19703,1260,0.0103%,,
264,鸟,19698,1261,0.0103%,,
875,轰,19670,1262,0.0102%,,
1217,咱,19554,1263,0.0102%,,
1733,菜,19516,1264,0.0102%,,
468,闭,19515,1265,0.0102%,,
870,奋,19499,1266,0.0102%,,
457,庆,19487,1267,0.0101%,,
2364,撤,19485,1268,0.0101%,,
1023,泪,19411,1269,0.0101%,,
1143,茶,19404,1270,0.0101%,,
1602,疾,19402,1271,0.0101%,,
2124,缘,19330,1272,0.0101%,,
2362,播,19327,1273,0.0101%,,
1665,朗,19288,1274,0.0100%,,
591,杜,19246,1275,0.0100%,,
296,奶,19219,1276,0.0100%,,
932,季,19211,1277,0.0100%,,
144,丹,19171,1278,0.0100%,,
985,狗,19093,1279,0.0099%,,
760,尾,19076,1280,0.0099%,,
244,仪,19064,1281,0.0099%,,
1802,偷,19006,1282,0.0099%,,
868,奔,18989,1283,0.0099%,,
1422,珠,18916,1284,0.0099%,,
378,虫,18909,1285,0.0098%,,
1097,驻,18901,1286,0.0098%,,
165,孔,18890,1287,0.0098%,,
1046,宜,18833,1288,0.0098%,,
2511,艾,18825,1289,0.0098%,,
1469,桥,18815,1290,0.0098%,,
1868,淡,18779,1291,0.0098%,,
2473,翼,18710,1292,0.0097%,,
1359,恨,18702,1293,0.0097%,,
2466,繁,18699,1294,0.0097%,,
2098,寒,18684,1295,0.0097%,,
669,伴,18678,1296,0.0097%,,
233,叹,18587,1297,0.0097%,,
215,旦,18569,1298,0.0097%,,
2220,愈,18540,1299,0.0097%,,
2415,潮,18532,1300,0.0097%,,
2235,粮,18528,1301,0.0096%,,
2355,缩,18495,1302,0.0096%,,
1519,罢,18492,1303,0.0096%,,
2280,聚,18458,1304,0.0096%,,
956,径,18428,1305,0.0096%,,
1357,恰,18420,1306,0.0096%,,
1125,挑,18417,1307,0.0096%,,
1798,袋,18381,1308,0.0096%,,
355,灰,18298,1309,0.0095%,,
1431,捕,18236,1310,0.0095%,,
1567,徐,18175,1311,0.0095%,,
1105,珍,18144,1312,0.0094%,,
2146,幕,18138,1313,0.0094%,,
1199,映,18102,1314,0.0094%,,
1974,裂,18093,1315,0.0094%,,
1421,泰,18069,1316,0.0094%,,
2115,隔,18056,1317,0.0094%,,
745,启,18041,1318,0.0094%,,
371,尖,18036,1319,0.0094%,,
905,忠,18021,1320,0.0094%,,
1776,累,18017,1321,0.0094%,,
1015,炎,17971,1322,0.0094%,,
1976,暂,17968,1323,0.0094%,,
656,估,17943,1324,0.0093%,,
728,泛,17928,1325,0.0093%,,
1144,荒,17924,1326,0.0093%,,
1800,偿,17919,1327,0.0093%,,
2370,横,17912,1328,0.0093%,,
544,拒,17892,1329,0.0093%,,
2125,瑞,17869,1330,0.0093%,,
155,忆,17829,1331,0.0093%,,
1078,孤,17817,1332,0.0093%,,
2314,鼻,17773,1333,0.0093%,,
1007,闹,17764,1334,0.0093%,,
471,羊,17763,1335,0.0093%,,
622,呆,17746,1336,0.0092%,,
198,厉,17726,1337,0.0092%,,
2440,衡,17719,1338,0.0092%,,
1282,胞,17702,1339,0.0092%,,
2169,零,17675,1340,0.0092%,,
741,穷,17672,1341,0.0092%,,
958,舍,17647,1342,0.0092%,,
866,码,17626,1343,0.0092%,,
3278,赫,17613,1344,0.0092%,,
1870,婆,17603,1345,0.0092%,,
2126,魂,17535,1346,0.0091%,,
742,灾,17531,1347,0.0091%,,
1338,洪,17526,1348,0.0091%,,
2226,腿,17509,1349,0.0091%,,
1280,胆,17486,1350,0.0091%,,
1354,津,17470,1351,0.0091%,,
1261,俗,17463,1352,0.0091%,,
2446,辩,17459,1353,0.0091%,,
1580,胸,17392,1354,0.0091%,,
1507,晓,17316,1355,0.0090%,,
777,劲,17307,1356,0.0090%,,
118,仁,17263,1357,0.0090%,,
968,贫,17263,1358,0.0090%,,
1801,偶,17246,1359,0.0090%,,
3210,辑,17169,1360,0.0089%,,
2525,邦,17153,1361,0.0089%,,
1356,恢,17123,1362,0.0089%,,
2159,赖,17123,1363,0.0089%,,
1783,圈,17115,1364,0.0089%,,
2129,摸,17067,1365,0.0089%,,
420,仰,16940,1366,0.0088%,,
1644,润,16922,1367,0.0088%,,
1712,堆,16920,1368,0.0088%,,
2165,碰,16919,1369,0.0088%,,
2052,艇,16868,1370,0.0088%,,
2026,稍,16855,1371,0.0088%,,
761,迟,16808,1372,0.0088%,,
1757,辆,16767,1373,0.0087%,,
1000,废,16754,1374,0.0087%,,
1001,净,16751,1375,0.0087%,,
134,凶,16707,1376,0.0087%,,
3228,署,16641,1377,0.0087%,,
2453,壁,16588,1378,0.0086%,,
2050,御,16586,1379,0.0086%,,
792,奉,16453,1380,0.0086%,,
1847,旋,16441,1381,0.0086%,,
263,冬,16368,1382,0.0085%,,
865,矿,16360,1383,0.0085%,,
830,抬,16315,1384,0.0085%,,
1896,蛋,16305,1385,0.0085%,,
1763,晨,16235,1386,0.0085%,,
410,伏,16181,1387,0.0084%,,
637,吹,16180,1388,0.0084%,,
778,鸡,16164,1389,0.0084%,,
1559,倍,16102,1390,0.0084%,,
2412,糊,16098,1391,0.0084%,,
2834,秦,16088,1392,0.0084%,,
1270,盾,16080,1393,0.0084%,,
846,杯,16068,1394,0.0084%,,
1538,租,16052,1395,0.0084%,,
1905,骑,16037,1396,0.0084%,,
136,乏,16010,1397,0.0083%,,
1897,隆,15979,1398,0.0083%,,
752,诊,15931,1399,0.0083%,,
297,奴,15917,1400,0.0083%,,
2128,摄,15801,1401,0.0082%,,
856,丧,15731,1402,0.0082%,,
478,污,15696,1403,0.0082%,,
2087,渡,15692,1404,0.0082%,,
2333,旗,15665,1405,0.0082%,,
189,甘,15654,1406,0.0082%,,
1175,耐,15629,1407,0.0081%,,
943,凭,15619,1408,0.0081%,,
80,扎,15600,1409,0.0081%,,
558,抢,15596,1410,0.0081%,,
1903,绪,15571,1411,0.0081%,,
1853,粗,15557,1412,0.0081%,,
1056,肩,15528,1413,0.0081%,,
1871,梁,15387,1414,0.0080%,,
174,幻,15371,1415,0.0080%,,
2959,菲,15365,1416,0.0080%,,
1182,皆,15357,1417,0.0080%,,
2164,碎,15334,1418,0.0080%,,
1048,宙,15331,1419,0.0080%,,
883,叔,15310,1420,0.0080%,,
912,岩,15279,1421,0.0080%,,
1146,荡,15268,1422,0.0080%,,
3077,综,15258,1423,0.0079%,,
954,爬,15255,1424,0.0079%,,
1459,荷,15249,1425,0.0079%,,
1815,悉,15234,1426,0.0079%,,
3098,蒂,15183,1427,0.0079%,,
676,返,15179,1428,0.0079%,,
72,井,15158,1429,0.0079%,,
453,壮,15151,1430,0.0079%,,
2424,薄,15150,1431,0.0079%,,
1651,悄,15141,1432,0.0079%,,
326,扫,15140,1433,0.0079%,,
1796,敏,15135,1434,0.0079%,,
2162,碍,15121,1435,0.0079%,,
1973,殖,15118,1436,0.0079%,,
1066,详,15099,1437,0.0079%,,
307,矛,15059,1438,0.0078%,,
3403,霍,15034,1439,0.0078%,,
169,允,15027,1440,0.0078%,,
2006,幅,15021,1441,0.0078%,,
2358,撒,15003,1442,0.0078%,,
2025,剩,14996,1443,0.0078%,,
917,凯,14990,1444,0.0078%,,
2299,颗,14987,1445,0.0078%,,
1215,骂,14976,1446,0.0078%,,
1983,赏,14946,1447,0.0078%,,
1867,液,14940,1448,0.0078%,,
2054,番,14927,1449,0.0078%,,
2398,箱,14913,1450,0.0078%,,
1227,贴,14888,1451,0.0078%,,
2340,漫,14869,1452,0.0077%,,
2293,酸,14855,1453,0.0077%,,
1054,郎,14845,1454,0.0077%,,
2222,腰,14841,1455,0.0077%,,
2053,舒,14833,1456,0.0077%,,
1388,眉,14763,1457,0.0077%,,
734,忧,14753,1458,0.0077%,,
1642,浮,14717,1459,0.0077%,,
713,辛,14713,1460,0.0077%,,
1591,恋,14674,1461,0.0076%,,
2430,餐,14641,1462,0.0076%,,
377,吓,14620,1463,0.0076%,,
1121,挺,14615,1464,0.0076%,,
606,励,14512,1465,0.0076%,,
2206,辞,14439,1466,0.0075%,,
2405,艘,14438,1467,0.0075%,,
2203,键,14434,1468,0.0075%,,
409,伍,14425,1469,0.0075%,,
1520,峰,14424,1470,0.0075%,,
161,尺,14422,1471,0.0075%,,
1201,昨,14406,1472,0.0075%,,
2395,黎,14389,1473,0.0075%,,
1978,辈,14384,1474,0.0075%,,
1101,贯,14361,1475,0.0075%,,
941,侦,14329,1476,0.0075%,,
2085,滑,14303,1477,0.0074%,,
1009,券,14293,1478,0.0074%,,
1782,崇,14262,1479,0.0074%,,
543,扰,14252,1480,0.0074%,,
1365,宪,14251,1481,0.0074%,,
1409,绕,14172,1482,0.0074%,,
1920,趋,14160,1483,0.0074%,,
2239,慈,14141,1484,0.0074%,,
403,乔,14107,1485,0.0073%,,
1617,阅,14067,1486,0.0073%,,
477,汗,14011,1487,0.0073%,,
845,枝,13982,1488,0.0073%,,
810,拖,13973,1489,0.0073%,,
2391,墨,13959,1490,0.0073%,,
978,胁,13948,1491,0.0073%,,
1927,插,13938,1492,0.0073%,,
2399,箭,13922,1493,0.0073%,,
2057,腊,13892,1494,0.0072%,,
1031,泥,13874,1495,0.0072%,,
1621,粉,13874,1496,0.0072%,,
140,氏,13868,1497,0.0072%,,
3089,彭,13866,1498,0.0072%,,
803,拔,13865,1499,0.0072%,,
2123,骗,13854,1500,0.0072%,,
147,凤,13817,1501,0.0072%,,
2356,慧,13810,1502,0.0072%,,
3179,媒,13802,1503,0.0072%,,
945,佩,13784,1504,0.0072%,,
2091,愤,13749,1505,0.0072%,,
184,扑,13748,1506,0.0072%,,
2174,龄,13733,1507,0.0072%,,
779,驱,13692,1508,0.0071%,,
1874,惜,13687,1509,0.0071%,,
1708,掩,13680,1510,0.0071%,,
2325,豪,13680,1511,0.0071%,,
1624,兼,13656,1512,0.0071%,,
1773,跃,13645,1513,0.0071%,,
56,尸,13609,1514,0.0071%,,
1068,肃,13581,1515,0.0071%,,
2678,帕,13566,1516,0.0071%,,
1094,驶,13537,1517,0.0070%,,
2042,堡,13533,1518,0.0070%,,
1072,届,13521,1519,0.0070%,,
951,欣,13500,1520,0.0070%,,
1965,惠,13492,1521,0.0070%,,
259,册,13462,1522,0.0070%,,
2046,储,13408,1523,0.0070%,,
2374,飘,13357,1524,0.0070%,,
1697,桑,13328,1525,0.0069%,,
717,闲,13316,1526,0.0069%,,
1880,惨,13314,1527,0.0069%,,
1337,洁,13261,1528,0.0069%,,
2387,踪,13193,1529,0.0069%,,
2761,勃,13183,1530,0.0069%,,
1659,宾,13149,1531,0.0068%,,
3211,频,13127,1532,0.0068%,,
123,仇,13118,1533,0.0068%,,
2443,磨,13082,1534,0.0068%,,
1631,递,13012,1535,0.0068%,,
362,邪,12952,1536,0.0067%,,
2363,撞,12894,1537,0.0067%,,
2570,拟,12885,1538,0.0067%,,
2250,滚,12863,1539,0.0067%,,
1102,奏,12859,1540,0.0067%,,
527,巡,12852,1541,0.0067%,,
2410,颜,12837,1542,0.0067%,,
998,剂,12821,1543,0.0067%,,
1902,绩,12789,1544,0.0067%,,
552,贡,12785,1545,0.0067%,,
1309,疯,12771,1546,0.0067%,,
826,坡,12758,1547,0.0066%,,
2462,瞧,12745,1548,0.0066%,,
2275,截,12718,1549,0.0066%,,
2449,燃,12708,1550,0.0066%,,
2044,焦,12684,1551,0.0066%,,
2260,殿,12667,1552,0.0066%,,
423,伪,12654,1553,0.0066%,,
1159,柳,12642,1554,0.0066%,,
2015,锁,12638,1555,0.0066%,,
1967,逼,12623,1556,0.0066%,,
3074,颇,12605,1557,0.0066%,,
980,昏,12600,1558,0.0066%,,
171,劝,12587,1559,0.0066%,,
616,呈,12567,1560,0.0065%,,
1929,搜,12537,1561,0.0065%,,
2142,勤,12536,1562,0.0065%,,
533,戒,12510,1563,0.0065%,,
1087,驾,12492,1564,0.0065%,,
2339,漂,12488,1565,0.0065%,,
699,饮,12453,1566,0.0065%,,
2971,曹,12443,1567,0.0065%,,
442,朵,12435,1568,0.0065%,,
246,仔,12428,1569,0.0065%,,
1404,柔,12389,1570,0.0065%,,
1253,俩,12340,1571,0.0064%,,
1077,孟,12274,1572,0.0064%,,
2328,腐,12264,1573,0.0064%,,
310,幼,12257,1574,0.0064%,,
1995,践,12242,1575,0.0064%,,
2493,籍,12205,1576,0.0064%,,
926,牧,12193,1577,0.0064%,,
1609,凉,12156,1578,0.0063%,,
1240,牲,12107,1579,0.0063%,,
934,佳,12061,1580,0.0063%,,
2829,娜,12060,1581,0.0063%,,
1353,浓,12016,1582,0.0063%,,
583,芳,12015,1583,0.0063%,,
2396,稿,12012,1584,0.0063%,,
401,竹,12000,1585,0.0062%,,
2224,腹,11974,1586,0.0062%,,
1996,跌,11967,1587,0.0062%,,
3002,逻,11959,1588,0.0062%,,
925,垂,11949,1589,0.0062%,,
2413,遵,11935,1590,0.0062%,,
1284,脉,11932,1591,0.0062%,,
2316,貌,11921,1592,0.0062%,,
1158,柏,11902,1593,0.0062%,,
1290,狱,11886,1594,0.0062%,,
1825,猜,11875,1595,0.0062%,,
1040,怜,11848,1596,0.0062%,,
1966,惑,11829,1597,0.0062%,,
1688,陶,11821,1598,0.0062%,,
1857,兽,11820,1599,0.0062%,,
643,帐,11798,1600,0.0061%,,
987,饰,11794,1601,0.0061%,,
1254,贷,11793,1602,0.0061%,,
898,昌,11787,1603,0.0061%,,
1275,叙,11786,1604,0.0061%,,
2402,躺,11745,1605,0.0061%,,
1231,钢,11738,1606,0.0061%,,
729,沟,11735,1607,0.0061%,,
1883,寄,11729,1608,0.0061%,,
538,扶,11659,1609,0.0061%,,
2012,铺,11654,1610,0.0061%,,
2510,邓,11651,1611,0.0061%,,
528,寿,11646,1612,0.0061%,,
1877,惧,11644,1613,0.0061%,,
1064,询,11643,1614,0.0061%,,
481,汤,11620,1615,0.0061%,,
1842,盗,11595,1616,0.0060%,,
976,肥,11594,1617,0.0060%,,
1191,尝,11557,1618,0.0060%,,
258,匆,11540,1619,0.0060%,,
1981,辉,11518,1620,0.0060%,,
2664,奈,11509,1621,0.0060%,,
318,扣,11505,1622,0.0060%,,
2536,廷,11499,1623,0.0060%,,
3373,澳,11475,1624,0.0060%,,
1946,董,11450,1625,0.0060%,,
402,迁,11433,1626,0.0060%,,
2444,凝,11409,1627,0.0059%,,
2418,慰,11379,1628,0.0059%,,
345,厌,11376,1629,0.0059%,,
1582,脏,11350,1630,0.0059%,,
2225,腾,11343,1631,0.0059%,,
2780,幽,11319,1632,0.0059%,,
1293,怨,11305,1633,0.0059%,,
2367,鞋,11288,1634,0.0059%,,
399,丢,11285,1635,0.0059%,,
1439,埋,11246,1636,0.0059%,,
1265,泉,11237,1637,0.0059%,,
1649,涌,11228,1638,0.0058%,,
3295,辖,11213,1639,0.0058%,,
2218,躲,11201,1640,0.0058%,,
1461,晋,11192,1641,0.0058%,,
1980,紫,11172,1642,0.0058%,,
1089,艰,11164,1643,0.0058%,,
3451,魏,11161,1644,0.0058%,,
2092,慌,11149,1645,0.0058%,,
1376,祝,11144,1646,0.0058%,,
629,邮,11137,1647,0.0058%,,
376,吐,11132,1648,0.0058%,,
1291,狠,11116,1649,0.0058%,,
2175,鉴,11090,1650,0.0058%,,
1739,械,11060,1651,0.0058%,,
1220,咬,11029,1652,0.0057%,,
683,邻,10996,1653,0.0057%,,
554,赤,10981,1654,0.0057%,,
1129,挤,10920,1655,0.0057%,,
1299,弯,10917,1656,0.0057%,,
1958,椅,10917,1657,0.0057%,,
1690,陪,10908,1658,0.0057%,,
2097,割,10894,1659,0.0057%,,
1925,揭,10892,1660,0.0057%,,
1650,悟,10876,1661,0.0057%,,
2366,聪,10863,1662,0.0057%,,
2170,雾,10856,1663,0.0057%,,
2019,锋,10783,1664,0.0056%,,
1745,梯,10738,1665,0.0056%,,
1673,祥,10724,1666,0.0056%,,
1828,猫,10724,1667,0.0056%,,
2070,阔,10722,1668,0.0056%,,
2255,誉,10683,1669,0.0056%,,
2209,筹,10671,1670,0.0056%,,
251,丛,10665,1671,0.0056%,,
1177,牵,10641,1672,0.0055%,,
908,鸣,10636,1673,0.0055%,,
731,沈,10628,1674,0.0055%,,
1319,阁,10595,1675,0.0055%,,
3415,穆,10592,1676,0.0055%,,
1074,屈,10591,1677,0.0055%,,
446,旨,10590,1678,0.0055%,,
1670,袖,10564,1679,0.0055%,,
1827,猎,10561,1680,0.0055%,,
2472,臂,10542,1681,0.0055%,,
1775,蛇,10538,1682,0.0055%,,
1400,贺,10507,1683,0.0055%,,
1160,柱,10504,1684,0.0055%,,
561,抛,10477,1685,0.0055%,,
2214,鼠,10476,1686,0.0055%,,
3187,瑟,10473,1687,0.0055%,,
2505,戈,10456,1688,0.0054%,,
739,牢,10454,1689,0.0054%,,
2826,逊,10444,1690,0.0054%,,
364,迈,10432,1691,0.0054%,,
1940,欺,10418,1692,0.0054%,,
627,吨,10403,1693,0.0054%,,
1911,琴,10383,1694,0.0054%,,
1594,衰,10367,1695,0.0054%,,
1619,瓶,10361,1696,0.0054%,,
1358,恼,10356,1697,0.0054%,,
2421,燕,10325,1698,0.0054%,,
2539,仲,10316,1699,0.0054%,,
1378,诱,10307,1700,0.0054%,,
1586,狼,10295,1701,0.0054%,,
480,池,10289,1702,0.0054%,,
1603,疼,10279,1703,0.0054%,,
2514,卢,10266,1704,0.0053%,,
240,仗,10263,1705,0.0053%,,
1370,冠,10217,1706,0.0053%,,
1854,粒,10200,1707,0.0053%,,
2221,遥,10179,1708,0.0053%,,
2533,吕,10156,1709,0.0053%,,
2524,玄,10151,1710,0.0053%,,
370,尘,10137,1711,0.0053%,,
2523,冯,10128,1712,0.0053%,,
539,抚,10100,1713,0.0053%,,
1018,浅,10088,1714,0.0053%,,
3154,敦,10084,1715,0.0053%,,
308,纠,10064,1716,0.0052%,,
1526,钻,10064,1717,0.0052%,,
1990,晶,10038,1718,0.0052%,,
391,岂,10036,1719,0.0052%,,
1224,峡,10028,1720,0.0052%,,
582,苍,10027,1721,0.0052%,,
1989,喷,10027,1722,0.0052%,,
1419,耗,9999,1723,0.0052%,,
2911,凌,9999,1724,0.0052%,,
2324,敲,9978,1725,0.0052%,,
1732,菌,9971,1726,0.0052%,,
2009,赔,9960,1727,0.0052%,,
1640,涂,9949,1728,0.0052%,,
3315,粹,9943,1729,0.0052%,,
1372,扁,9917,1730,0.0052%,,
23,亏,9884,1731,0.0051%,,
3060,寂,9875,1732,0.0051%,,
2240,煤,9832,1733,0.0051%,,
2352,熊,9788,1734,0.0051%,,
1456,恭,9787,1735,0.0051%,,
2082,湿,9783,1736,0.0051%,,
2051,循,9768,1737,0.0051%,,
2181,暖,9762,1738,0.0051%,,
2447,糖,9757,1739,0.0051%,,
3134,赋,9723,1740,0.0051%,,
2569,抑,9719,1741,0.0051%,,
1541,秩,9713,1742,0.0051%,,
2007,帽,9697,1743,0.0051%,,
1302,哀,9693,1744,0.0050%,,
1884,宿,9693,1745,0.0050%,,
2385,踏,9656,1746,0.0050%,,
1335,烂,9635,1747,0.0050%,,
2839,袁,9609,1748,0.0050%,,
2793,侯,9585,1749,0.0050%,,
567,抖,9584,1750,0.0050%,,
360,夹,9574,1751,0.0050%,,
896,昆,9557,1752,0.0050%,,
685,肝,9551,1753,0.0050%,,
2457,擦,9542,1754,0.0050%,,
1826,猪,9535,1755,0.0050%,,
1332,炼,9528,1756,0.0050%,,
1355,恒,9483,1757,0.0049%,,
2254,慎,9479,1758,0.0049%,,
2136,搬,9478,1759,0.0049%,,
791,纽,9466,1760,0.0049%,,
788,纹,9463,1761,0.0049%,,
1106,玻,9447,1762,0.0049%,,
1865,渔,9441,1763,0.0049%,,
2294,磁,9433,1764,0.0049%,,
1784,铜,9416,1765,0.0049%,,
885,齿,9415,1766,0.0049%,,
2186,跨,9404,1767,0.0049%,,
807,押,9401,1768,0.0049%,,
1037,怖,9400,1769,0.0049%,,
2243,漠,9366,1770,0.0049%,,
1604,疲,9364,1771,0.0049%,,
1324,叛,9361,1772,0.0049%,,
2191,遣,9335,1773,0.0049%,,
3034,祭,9316,1774,0.0049%,,
2376,醉,9292,1775,0.0048%,,
1620,拳,9290,1776,0.0048%,,
2722,弥,9276,1777,0.0048%,,
1812,斜,9264,1778,0.0048%,,
1466,档,9248,1779,0.0048%,,
2028,稀,9234,1780,0.0048%,,
1709,捷,9225,1781,0.0048%,,
969,肤,9214,1782,0.0048%,,
972,肿,9202,1783,0.0048%,,
1310,疫,9202,1784,0.0048%,,
601,豆,9179,1785,0.0048%,,
1190,削,9169,1786,0.0048%,,
642,岗,9163,1787,0.0048%,,
1509,晃,9157,1788,0.0048%,,
534,吞,9142,1789,0.0048%,,
738,宏,9134,1790,0.0048%,,
3460,癌,9114,1791,0.0047%,,
686,肚,9102,1792,0.0047%,,
1070,隶,9100,1793,0.0047%,,
3386,履,9091,1794,0.0047%,,
1647,涨,9089,1795,0.0047%,,
2489,耀,9060,1796,0.0047%,,
571,扭,9054,1797,0.0047%,,
540,坛,9049,1798,0.0047%,,
727,沃,9047,1799,0.0047%,,
828,拨,9047,1800,0.0047%,,
1411,绘,9039,1801,0.0047%,,
412,伐,9028,1802,0.0047%,,
1915,堪,9026,1803,0.0047%,,
121,仆,8976,1804,0.0047%,,
2914,郭,8931,1805,0.0047%,,
1533,牺,8926,1806,0.0046%,,
609,歼,8910,1807,0.0046%,,
2145,墓,8890,1808,0.0046%,,
3175,雇,8857,1809,0.0046%,,
2231,廉,8854,1810,0.0046%,,
2733,契,8845,1811,0.0046%,,
1130,拼,8842,1812,0.0046%,,
2049,惩,8839,1813,0.0046%,,
1440,捉,8838,1814,0.0046%,,
2476,覆,8795,1815,0.0046%,,
1073,刷,8773,1816,0.0046%,,
577,劫,8752,1817,0.0046%,,
2263,嫌,8748,1818,0.0046%,,
249,瓜,8740,1819,0.0046%,,
2183,歇,8733,1820,0.0045%,,
2442,雕,8713,1821,0.0045%,,
719,闷,8708,1822,0.0045%,,
965,乳,8701,1823,0.0045%,,
633,串,8695,1824,0.0045%,,
1393,娃,8662,1825,0.0045%,,
2455,缴,8659,1826,0.0045%,,
1516,唤,8657,1827,0.0045%,,
2468,赢,8657,1828,0.0045%,,
1457,莲,8650,1829,0.0045%,,
1470,桃,8639,1830,0.0045%,,
2497,霸,8639,1831,0.0045%,,
681,妥,8634,1832,0.0045%,,
2329,瘦,8632,1833,0.0045%,,
1916,搭,8626,1834,0.0045%,,
1118,赴,8594,1835,0.0045%,,
2684,岳,8577,1836,0.0045%,,
2273,嘉,8576,1837,0.0045%,,
1569,舱,8575,1838,0.0045%,,
1269,俊,8543,1839,0.0044%,,
548,址,8541,1840,0.0044%,,
2699,庞,8531,1841,0.0044%,,
1418,耕,8525,1842,0.0044%,,
2020,锐,8522,1843,0.0044%,,
2266,缝,8512,1844,0.0044%,,
1652,悔,8485,1845,0.0044%,,
2439,邀,8484,1846,0.0044%,,
2736,玲,8475,1847,0.0044%,,
248,斥,8464,1848,0.0044%,,
486,宅,8464,1849,0.0044%,,
1859,添,8460,1850,0.0044%,,
1131,挖,8449,1851,0.0044%,,
2672,呵,8433,1852,0.0044%,,
2552,讼,8410,1853,0.0044%,,
1531,氧,8401,1854,0.0044%,,
1638,浩,8387,1855,0.0044%,,
517,羽,8366,1856,0.0044%,,
127,斤,8365,1857,0.0044%,,
2291,酷,8345,1858,0.0043%,,
1718,掠,8343,1859,0.0043%,,
773,妖,8337,1860,0.0043%,,
1889,祸,8336,1861,0.0043%,,
935,侍,8320,1862,0.0043%,,
2,乙,8313,1863,0.0043%,,
774,妨,8311,1864,0.0043%,,
966,贪,8304,1865,0.0043%,,
1128,挣,8297,1866,0.0043%,,
724,汪,8294,1867,0.0043%,,
759,尿,8292,1868,0.0043%,,
2851,莉,8289,1869,0.0043%,,
1767,悬,8282,1870,0.0043%,,
1484,唇,8279,1871,0.0043%,,
3397,翰,8279,1872,0.0043%,,
138,仓,8275,1873,0.0043%,,
361,轨,8273,1874,0.0043%,,
2659,枚,8270,1875,0.0043%,,
1436,盐,8266,1876,0.0043%,,
1187,览,8259,1877,0.0043%,,
2040,傅,8256,1878,0.0043%,,
212,帅,8249,1879,0.0043%,,
995,庙,8220,1880,0.0043%,,
581,芬,8218,1881,0.0043%,,
2824,屏,8208,1882,0.0043%,,
316,寺,8200,1883,0.0043%,,
1283,胖,8184,1884,0.0043%,,
2270,璃,8176,1885,0.0043%,,
2180,愚,8144,1886,0.0042%,,
2341,滴,8104,1887,0.0042%,,
2114,疏,8101,1888,0.0042%,,
2964,萧,8097,1889,0.0042%,,
1312,姿,8092,1890,0.0042%,,
2484,颤,8080,1891,0.0042%,,
163,丑,8067,1892,0.0042%,,
372,劣,8067,1893,0.0042%,,
28,寸,8056,1894,0.0042%,,
187,扔,8045,1895,0.0042%,,
615,盯,8041,1896,0.0042%,,
1483,辱,8029,1897,0.0042%,,
93,匹,8025,1898,0.0042%,,
1555,俱,8024,1899,0.0042%,,
2445,辨,8023,1900,0.0042%,,
1590,饿,7992,1901,0.0042%,,
2193,蜂,7989,1902,0.0042%,,
2059,腔,7975,1903,0.0042%,,
2662,郁,7968,1904,0.0041%,,
3167,溃,7962,1905,0.0041%,,
2257,谨,7960,1906,0.0041%,,
2469,糟,7960,1907,0.0041%,,
1945,葛,7952,1908,0.0041%,,
837,苗,7946,1909,0.0041%,,
687,肠,7939,1910,0.0041%,,
765,忌,7938,1911,0.0041%,,
2249,溜,7935,1912,0.0041%,,
3044,鸿,7931,1913,0.0041%,,
3455,爵,7902,1914,0.0041%,,
3244,鹏,7895,1915,0.0041%,,
2480,鹰,7890,1916,0.0041%,,
1792,笼,7888,1917,0.0041%,,
238,丘,7886,1918,0.0041%,,
1465,桂,7877,1919,0.0041%,,
2089,滋,7874,1920,0.0041%,,
2956,聊,7865,1921,0.0041%,,
1120,挡,7851,1922,0.0041%,,
783,纲,7832,1923,0.0041%,,
441,肌,7830,1924,0.0041%,,
569,壳,7813,1925,0.0041%,,
1837,痕,7805,1926,0.0041%,,
2166,碗,7773,1927,0.0040%,,
279,穴,7772,1928,0.0040%,,
2319,膀,7731,1929,0.0040%,,
2668,卓,7714,1930,0.0040%,,
890,贤,7713,1931,0.0040%,,
859,卧,7696,1932,0.0040%,,
2317,膜,7694,1933,0.0040%,,
2411,毅,7686,1934,0.0040%,,
142,欠,7682,1935,0.0040%,,
2202,锦,7682,1936,0.0040%,,
2877,哩,7677,1937,0.0040%,,
2725,函,7672,1938,0.0040%,,
1145,茫,7659,1939,0.0040%,,
902,昂,7637,1940,0.0040%,,
3394,薛,7630,1941,0.0040%,,
1589,皱,7609,1942,0.0040%,,
353,夸,7594,1943,0.0040%,,
3388,豫,7590,1944,0.0040%,,
1204,胃,7533,1945,0.0039%,,
400,舌,7511,1946,0.0039%,,
1681,剥,7504,1947,0.0039%,,
2039,傲,7503,1948,0.0039%,,
1124,拾,7497,1949,0.0039%,,
2101,窝,7456,1950,0.0039%,,
1764,睁,7454,1951,0.0039%,,
2135,携,7449,1952,0.0039%,,
1687,陵,7436,1953,0.0039%,,
2881,哼,7419,1954,0.0039%,,
1962,棉,7416,1955,0.0039%,,
1985,晴,7405,1956,0.0039%,,
1528,铃,7404,1957,0.0039%,,
2130,填,7401,1958,0.0039%,,
989,饲,7399,1959,0.0039%,,
2084,渴,7395,1960,0.0039%,,
2593,吻,7395,1961,0.0039%,,
557,扮,7372,1962,0.0038%,,
1330,逆,7339,1963,0.0038%,,
1578,脆,7336,1964,0.0038%,,
2004,喘,7320,1965,0.0038%,,
2197,罩,7309,1966,0.0038%,,
8,卜,7301,1967,0.0038%,,
1016,炉,7295,1968,0.0038%,,
1499,柴,7276,1969,0.0038%,,
2095,愉,7259,1970,0.0038%,,
1906,绳,7256,1971,0.0038%,,
2798,胎,7256,1972,0.0038%,,
2148,蓄,7213,1973,0.0038%,,
1506,眠,7195,1974,0.0037%,,
2331,竭,7194,1975,0.0037%,,
2003,喂,7184,1976,0.0037%,,
2216,傻,7167,1977,0.0037%,,
2282,慕,7165,1978,0.0037%,,
1352,浑,7136,1979,0.0037%,,
510,奸,7132,1980,0.0037%,,
1668,扇,7125,1981,0.0037%,,
847,柜,7101,1982,0.0037%,,
1653,悦,7094,1983,0.0037%,,
822,拦,7091,1984,0.0037%,,
1063,诞,7085,1985,0.0037%,,
988,饱,7059,1986,0.0037%,,
2963,乾,7057,1987,0.0037%,,
1027,泡,7046,1988,0.0037%,,
1522,贼,7045,1989,0.0037%,,
1303,亭,7041,1990,0.0037%,,
48,夕,7025,1991,0.0037%,,
1574,爹,7016,1992,0.0037%,,
2160,酬,7011,1993,0.0037%,,
3420,儒,7004,1994,0.0036%,,
1396,姻,6998,1995,0.0036%,,
695,卵,6971,1996,0.0036%,,
2682,氛,6968,1997,0.0036%,,
1020,泄,6955,1998,0.0036%,,
589,杆,6944,1999,0.0036%,,
1453,挨,6930,2000,0.0036%,,
3310,僧,6920,2001,0.0036%,,
2348,蜜,6919,2002,0.0036%,,
2591,吟,6916,2003,0.0036%,,
3151,猩,6909,2004,0.0036%,,
3161,遂,6904,2005,0.0036%,,
1286,狭,6901,2006,0.0036%,,
2586,肖,6899,2007,0.0036%,,
1787,甜,6894,2008,0.0036%,,
2461,霞,6885,2009,0.0036%,,
784,驳,6879,2010,0.0036%,,
2104,裕,6871,2011,0.0036%,,
1426,顽,6868,2012,0.0036%,,
2278,摘,6845,2013,0.0036%,,
2205,矮,6834,2014,0.0036%,,
1243,秒,6829,2015,0.0036%,,
2907,卿,6825,2016,0.0036%,,
1616,畜,6821,2017,0.0036%,,
1214,咽,6818,2018,0.0036%,,
827,披,6790,2019,0.0035%,,
1756,辅,6782,2020,0.0035%,,
148,勾,6780,2021,0.0035%,,
1279,盆,6780,2022,0.0035%,,
2487,疆,6779,2023,0.0035%,,
2008,赌,6759,2024,0.0035%,,
2238,塑,6744,2025,0.0035%,,
1202,畏,6722,2026,0.0035%,,
632,吵,6709,2027,0.0035%,,
2499,囊,6709,2028,0.0035%,,
1025,泊,6695,2029,0.0035%,,
970,肺,6692,2030,0.0035%,,
2474,骤,6688,2031,0.0035%,,
2267,缠,6675,2032,0.0035%,,
106,冈,6651,2033,0.0035%,,
1618,羞,6651,2034,0.0035%,,
3443,瞪,6644,2035,0.0035%,,
382,吊,6637,2036,0.0035%,,
2343,漏,6627,2037,0.0035%,,
2860,贾,6627,2038,0.0035%,,
1912,斑,6622,2039,0.0034%,,
1632,涛,6611,2040,0.0034%,,
1799,悠,6604,2041,0.0034%,,
1841,鹿,6599,2042,0.0034%,,
1262,俘,6594,2043,0.0034%,,
2199,锡,6586,2044,0.0034%,,
2689,卑,6572,2045,0.0034%,,
1944,葬,6558,2046,0.0034%,,
3012,铭,6555,2047,0.0034%,,
2253,滩,6550,2048,0.0034%,,
2264,嫁,6539,2049,0.0034%,,
2215,催,6538,2050,0.0034%,,
1482,翅,6524,2051,0.0034%,,
1813,盒,6506,2052,0.0034%,,
2066,蛮,6503,2053,0.0034%,,
3374,潘,6477,2054,0.0034%,,
2667,歧,6451,2055,0.0034%,,
3136,赐,6431,2056,0.0033%,,
2017,锅,6416,2057,0.0033%,,
1838,廊,6413,2058,0.0033%,,
814,拆,6412,2059,0.0033%,,
2495,灌,6403,2060,0.0033%,,
1285,勉,6398,2061,0.0033%,,
1002,盲,6395,2062,0.0033%,,
1662,宰,6390,2063,0.0033%,,
2999,啥,6331,2064,0.0033%,,
973,胀,6327,2065,0.0033%,,
547,扯,6325,2066,0.0033%,,
295,辽,6300,2067,0.0033%,,
801,抹,6299,2068,0.0033%,,
2035,筒,6296,2069,0.0033%,,
1955,棋,6294,2070,0.0033%,,
2105,裤,6282,2071,0.0033%,,
1518,唉,6269,2072,0.0033%,,
336,朴,6261,2073,0.0033%,,
906,咐,6257,2074,0.0033%,,
303,孕,6256,2075,0.0033%,,
2276,誓,6249,2076,0.0033%,,
2005,喉,6233,2077,0.0032%,,
467,妄,6228,2078,0.0032%,,
817,拘,6224,2079,0.0032%,,
2013,链,6223,2080,0.0032%,,
526,驰,6199,2081,0.0032%,,
1162,栏,6182,2082,0.0032%,,
1446,逝,6182,2083,0.0032%,,
1368,窃,6174,2084,0.0032%,,
1420,艳,6172,2085,0.0032%,,
522,纤,6166,2086,0.0032%,,
1562,臭,6166,2087,0.0032%,,
1960,棵,6159,2088,0.0032%,,
1919,趁,6154,2089,0.0032%,,
352,匠,6142,2090,0.0032%,,
1401,盈,6142,2091,0.0032%,,
1577,翁,6137,2092,0.0032%,,
2208,愁,6135,2093,0.0032%,,
3441,瞬,6119,2094,0.0032%,,
3005,婴,6114,2095,0.0032%,,
559,孝,6112,2096,0.0032%,,
1901,颈,6104,2097,0.0032%,,
1554,倘,6072,2098,0.0032%,,
1633,浙,6045,2099,0.0031%,,
1678,谅,6024,2100,0.0031%,,
2281,蔽,6016,2101,0.0031%,,
899,畅,6012,2102,0.0031%,,
2434,赠,6004,2103,0.0031%,,
3070,尉,5988,2104,0.0031%,,
702,冻,5984,2105,0.0031%,,
2188,跪,5955,2106,0.0031%,,
470,闯,5954,2107,0.0031%,,
1947,葡,5943,2108,0.0031%,,
1508,鸭,5932,2109,0.0031%,,
1968,厨,5932,2110,0.0031%,,
2425,颠,5921,2111,0.0031%,,
2327,遮,5914,2112,0.0031%,,
1680,谊,5902,2113,0.0031%,,
2532,吁,5891,2114,0.0031%,,
2507,仑,5882,2115,0.0031%,,
2261,辟,5876,2116,0.0031%,,
3367,瘤,5875,2117,0.0031%,,
2118,嫂,5863,2118,0.0031%,,
1464,框,5853,2119,0.0030%,,
3322,谭,5849,2120,0.0030%,,
2784,钦,5840,2121,0.0030%,,
1840,庸,5835,2122,0.0030%,,
2335,歉,5833,2123,0.0030%,,
334,芝,5832,2124,0.0030%,,
640,吼,5814,2125,0.0030%,,
2582,甫,5805,2126,0.0030%,,
1060,衫,5802,2127,0.0030%,,
1658,宴,5798,2128,0.0030%,,
2140,摊,5798,2129,0.0030%,,
2390,嘱,5788,2130,0.0030%,,
2913,衷,5781,2131,0.0030%,,
1397,娇,5772,2132,0.0030%,,
1079,陕,5769,2133,0.0030%,,
1238,矩,5766,2134,0.0030%,,
2921,浦,5766,2135,0.0030%,,
2550,讶,5760,2136,0.0030%,,
2897,耸,5758,2137,0.0030%,,
3269,裸,5752,2138,0.0030%,,
2269,碧,5751,2139,0.0030%,,
2274,摧,5743,2140,0.0030%,,
2423,薪,5741,2141,0.0030%,,
1860,淋,5737,2142,0.0030%,,
1454,耻,5735,2143,0.0030%,,
1583,胶,5721,2144,0.0030%,,
1893,屠,5718,2145,0.0030%,,
2024,鹅,5703,2146,0.0030%,,
267,饥,5689,2147,0.0030%,,
1193,盼,5689,2148,0.0030%,,
1820,脖,5682,2149,0.0030%,,
1207,虹,5670,2150,0.0030%,,
2351,翠,5661,2151,0.0029%,,
3004,崩,5658,2152,0.0029%,,
2679,账,5652,2153,0.0029%,,
1736,萍,5646,2154,0.0029%,,
1587,逢,5632,2155,0.0029%,,
2305,赚,5630,2156,0.0029%,,
2361,撑,5628,2157,0.0029%,,
3159,翔,5625,2158,0.0029%,,
1556,倡,5622,2159,0.0029%,,
1908,绵,5622,2160,0.0029%,,
1153,枯,5582,2161,0.0029%,,
2062,猴,5582,2162,0.0029%,,
2580,巫,5576,2163,0.0029%,,
2774,昭,5569,2164,0.0029%,,
2712,怔,5561,2165,0.0029%,,
3050,渊,5551,2166,0.0029%,,
1832,凑,5544,2167,0.0029%,,
2248,溪,5543,2168,0.0029%,,
2496,蠢,5542,2169,0.0029%,,
3040,阐,5532,2170,0.0029%,,
892,旺,5529,2171,0.0029%,,
3172,寓,5519,2172,0.0029%,,
3465,藤,5514,2173,0.0029%,,
439,伞,5511,2174,0.0029%,,
1428,匪,5511,2175,0.0029%,,
2163,碑,5509,2176,0.0029%,,
1134,挪,5500,2177,0.0029%,,
3083,琼,5495,2178,0.0029%,,
1579,脂,5492,2179,0.0029%,,
1888,谎,5481,2180,0.0029%,,
2096,慨,5479,2181,0.0029%,,
2961,菩,5477,2182,0.0029%,,
1734,萄,5463,2183,0.0028%,,
1287,狮,5456,2184,0.0028%,,
1724,掘,5436,2185,0.0028%,,
550,抄,5433,2186,0.0028%,,
916,岭,5429,2187,0.0028%,,
1511,晕,5420,2188,0.0028%,,
1173,砍,5418,2189,0.0028%,,
1891,逮,5418,2190,0.0028%,,
1717,掏,5416,2191,0.0028%,,
3118,晰,5412,2192,0.0028%,,
2629,罕,5409,2193,0.0028%,,
1449,挽,5389,2194,0.0028%,,
2058,脾,5386,2195,0.0028%,,
430,舟,5363,2196,0.0028%,,
3255,痴,5359,2197,0.0028%,,
1856,剪,5324,2198,0.0028%,,
1599,脊,5316,2199,0.0028%,,
57,弓,5315,2200,0.0028%,,
2452,懒,5307,2201,0.0028%,,
67,叉,5299,2202,0.0028%,,
809,拐,5282,2203,0.0028%,,
2313,僚,5278,2204,0.0027%,,
1442,捐,5273,2205,0.0027%,,
2633,姊,5272,2206,0.0027%,,
3186,骚,5268,2207,0.0027%,,
2640,拓,5256,2208,0.0027%,,
1167,歪,5251,2209,0.0027%,,
1852,粘,5231,2210,0.0027%,,
1154,柄,5229,2211,0.0027%,,
565,坑,5223,2212,0.0027%,,
2724,陌,5220,2213,0.0027%,,
1660,窄,5219,2214,0.0027%,,
3164,湘,5207,2215,0.0027%,,
435,兆,5204,2216,0.0027%,,
1780,崖,5199,2217,0.0027%,,
1410,骄,5196,2218,0.0027%,,
2691,刹,5185,2219,0.0027%,,
2475,鞭,5176,2220,0.0027%,,
332,芒,5174,2221,0.0027%,,
2037,筋,5170,2222,0.0027%,,
3191,聘,5148,2223,0.0027%,,
1233,钩,5140,2224,0.0027%,,
1961,棍,5140,2225,0.0027%,,
2492,嚷,5138,2226,0.0027%,,
3243,腺,5132,2227,0.0027%,,
1075,弦,5117,2228,0.0027%,,
2078,焰,5116,2229,0.0027%,,
1176,耍,5109,2230,0.0027%,,
1558,俯,5100,2231,0.0027%,,
1170,厘,5096,2232,0.0027%,,
1969,厦,5083,2233,0.0026%,,
1682,恳,5081,2234,0.0026%,,
1295,饶,5079,2235,0.0026%,,
646,钉,5059,2236,0.0026%,,
3320,寡,5049,2237,0.0026%,,
3428,憾,5036,2238,0.0026%,,
2279,摔,5035,2239,0.0026%,,
2265,叠,5027,2240,0.0026%,,
1943,惹,5018,2241,0.0026%,,
3130,喻,5012,2242,0.0026%,,
2349,谱,5009,2243,0.0026%,,
2094,愧,5008,2244,0.0026%,,
2241,煌,5002,2245,0.0026%,,
3454,徽,5000,2246,0.0026%,,
3261,溶,4998,2247,0.0026%,,
2631,坠,4980,2248,0.0026%,,
3248,煞,4969,2249,0.0026%,,
37,巾,4967,2250,0.0026%,,
2246,滥,4964,2251,0.0026%,,
1339,洒,4961,2252,0.0026%,,
1705,堵,4960,2253,0.0026%,,
2918,瓷,4955,2254,0.0026%,,
2675,咒,4931,2255,0.0026%,,
1395,姨,4928,2256,0.0026%,,
1954,棒,4917,2257,0.0026%,,
1641,浴,4911,2258,0.0026%,,
3180,媚,4909,2259,0.0026%,,
3048,淮,4903,2260,0.0026%,,
2670,哎,4887,2261,0.0025%,,
2338,漆,4884,2262,0.0025%,,
2630,屁,4884,2263,0.0025%,,
3051,淫,4879,2264,0.0025%,,
3080,巢,4874,2265,0.0025%,,
636,吩,4866,2266,0.0025%,,
3334,撰,4863,2267,0.0025%,,
3000,啸,4850,2268,0.0025%,,
3163,滞,4850,2269,0.0025%,,
2636,玫,4839,2270,0.0025%,,
2976,硕,4819,2271,0.0025%,,
922,钓,4813,2272,0.0025%,,
2388,蝶,4811,2273,0.0025%,,
2406,膝,4809,2274,0.0025%,,
2828,姚,4806,2275,0.0025%,,
835,茂,4798,2276,0.0025%,,
3020,躯,4797,2277,0.0025%,,
2530,吏,4795,2278,0.0025%,,
3246,猿,4793,2279,0.0025%,,
2345,寨,4783,2280,0.0025%,,
2936,恕,4779,2281,0.0025%,,
1862,渠,4769,2282,0.0025%,,
1750,戚,4756,2283,0.0025%,,
605,辰,4755,2284,0.0025%,,
3025,舶,4743,2285,0.0025%,,
2901,颁,4742,2286,0.0025%,,
3171,惶,4730,2287,0.0025%,,
983,狐,4718,2288,0.0025%,,
494,讽,4713,2289,0.0025%,,
1791,笨,4712,2290,0.0025%,,
1671,袍,4710,2291,0.0025%,,
3349,嘲,4709,2292,0.0025%,,
1034,泼,4688,2293,0.0024%,,
2987,啡,4688,2294,0.0024%,,
1809,衔,4684,2295,0.0024%,,
1560,倦,4682,2296,0.0024%,,
3056,涵,4681,2297,0.0024%,,
1759,雀,4675,2298,0.0024%,,
445,旬,4671,2299,0.0024%,,
2357,撕,4668,2300,0.0024%,,
2401,僵,4668,2301,0.0024%,,
971,肢,4651,2302,0.0024%,,
873,垄,4642,2303,0.0024%,,
2531,夷,4638,2304,0.0024%,,
3031,逸,4638,2305,0.0024%,,
843,茅,4637,2306,0.0024%,,
944,侨,4633,2307,0.0024%,,
3309,舆,4628,2308,0.0024%,,
1885,窑,4611,2309,0.0024%,,
3197,蒲,4595,2310,0.0024%,,
2109,谦,4588,2311,0.0024%,,
2661,杭,4583,2312,0.0024%,,
2297,弊,4579,2313,0.0024%,,
2776,勋,4568,2314,0.0024%,,
929,刮,4565,2315,0.0024%,,
999,郊,4565,2316,0.0024%,,
2912,凄,4552,2317,0.0024%,,
1704,捧,4533,2318,0.0024%,,
1646,浸,4529,2319,0.0024%,,
1169,砖,4512,2320,0.0023%,,
3119,鼎,4507,2321,0.0023%,,
2438,篮,4490,2322,0.0023%,,
2150,蒸,4443,2323,0.0023%,,
704,亩,4439,2324,0.0023%,,
1298,饼,4439,2325,0.0023%,,
889,肾,4437,2326,0.0023%,,
1387,陡,4421,2327,0.0023%,,
128,爪,4419,2328,0.0023%,,
982,兔,4418,2329,0.0023%,,
2896,殷,4417,2330,0.0023%,,
368,贞,4414,2331,0.0023%,,
1138,荐,4406,2332,0.0023%,,
1197,哑,4406,2333,0.0023%,,
1223,炭,4405,2334,0.0023%,,
563,坟,4402,2335,0.0023%,,
1194,眨,4393,2336,0.0023%,,
2131,搏,4392,2337,0.0023%,,
802,拢,4390,2338,0.0023%,,
1221,咳,4390,2339,0.0023%,,
2213,舅,4385,2340,0.0023%,,
2770,昧,4375,2341,0.0023%,,
3392,擅,4372,2342,0.0023%,,
1751,爽,4368,2343,0.0023%,,
2677,咖,4366,2344,0.0023%,,
1933,搁,4359,2345,0.0023%,,
3296,雌,4355,2346,0.0023%,,
1513,哨,4354,2347,0.0023%,,
323,巩,4344,2348,0.0023%,,
1698,绢,4335,2349,0.0023%,,
2464,螺,4327,2350,0.0023%,,
2323,裹,4322,2351,0.0023%,,
2650,昔,4320,2352,0.0022%,,
2584,轩,4304,2353,0.0022%,,
3270,谬,4290,2354,0.0022%,,
3062,谍,4274,2355,0.0022%,,
688,龟,4265,2356,0.0022%,,
3271,媳,4262,2357,0.0022%,,
1323,姜,4261,2358,0.0022%,,
2382,瞎,4260,2359,0.0022%,,
1677,冤,4243,2360,0.0022%,,
1181,鸦,4236,2361,0.0022%,,
2147,蓬,4225,2362,0.0022%,,
1139,巷,4221,2363,0.0022%,,
3081,琳,4218,2364,0.0022%,,
1430,栽,4215,2365,0.0022%,,
1022,沾,4201,2366,0.0022%,,
2628,诈,4200,2367,0.0022%,,
2915,斋,4194,2368,0.0022%,,
2379,瞒,4191,2369,0.0022%,,
2981,彪,4186,2370,0.0022%,,
2803,咨,4180,2371,0.0022%,,
789,纺,4175,2372,0.0022%,,
2500,罐,4169,2373,0.0022%,,
1746,桶,4167,2374,0.0022%,,
2488,壤,4165,2375,0.0022%,,
1576,颂,4142,2376,0.0022%,,
2448,糕,4142,2377,0.0022%,,
2441,膨,4141,2378,0.0022%,,
3063,谐,4135,2379,0.0022%,,
1405,垒,4134,2380,0.0022%,,
2671,咕,4132,2381,0.0022%,,
2116,隙,4130,2382,0.0022%,,
2330,辣,4124,2383,0.0021%,,
1406,绑,4112,2384,0.0021%,,
2714,宠,4108,2385,0.0021%,,
3356,嘿,4102,2386,0.0021%,,
2616,兑,4101,2387,0.0021%,,
2378,霉,4098,2388,0.0021%,,
2841,挫,4089,2389,0.0021%,,
3360,稽,4085,2390,0.0021%,,
3209,辐,4084,2391,0.0021%,,
40,乞,4073,2392,0.0021%,,
781,纱,4069,2393,0.0021%,,
2106,裙,4062,2394,0.0021%,,
1699,绣,4046,2395,0.0021%,,
2578,杖,4037,2396,0.0021%,,
2139,塘,4033,2397,0.0021%,,
2795,衍,4031,2398,0.0021%,,
2767,轴,4011,2399,0.0021%,,
2482,攀,3998,2400,0.0021%,,
2318,膊,3989,2401,0.0021%,,
3493,譬,3985,2402,0.0021%,,
2717,祈,3965,2403,0.0021%,,
2384,踢,3959,2404,0.0021%,,
2127,肆,3956,2405,0.0021%,,
2567,坎,3948,2406,0.0021%,,
1494,轿,3942,2407,0.0021%,,
1963,棚,3929,2408,0.0020%,,
2708,泣,3929,2409,0.0020%,,
2111,屡,3925,2410,0.0020%,,
2490,躁,3917,2411,0.0020%,,
3032,凰,3911,2412,0.0020%,,
3259,溢,3909,2413,0.0020%,,
3103,椎,3888,2414,0.0020%,,
2862,砸,3881,2415,0.0020%,,
2360,趟,3879,2416,0.0020%,,
1051,帘,3875,2417,0.0020%,,
388,帆,3874,2418,0.0020%,,
2855,栖,3867,2419,0.0020%,,
2100,窜,3865,2420,0.0020%,,
49,丸,3847,2421,0.0020%,,
878,斩,3844,2422,0.0020%,,
1923,堤,3840,2423,0.0020%,,
2132,塌,3839,2424,0.0020%,,
919,贩,3837,2425,0.0020%,,
2974,厢,3837,2426,0.0020%,,
1714,掀,3831,2427,0.0020%,,
928,乖,3828,2428,0.0020%,,
1890,谜,3828,2429,0.0020%,,
1438,捏,3824,2430,0.0020%,,
3039,阎,3823,2431,0.0020%,,
888,虏,3811,2432,0.0020%,,
2251,滨,3811,2433,0.0020%,,
1762,匙,3809,2434,0.0020%,,
585,芦,3806,2435,0.0020%,,
836,苹,3805,2436,0.0020%,,
1234,卸,3795,2437,0.0020%,,
2711,沼,3791,2438,0.0020%,,
1232,钥,3772,2439,0.0020%,,
1468,株,3771,2440,0.0020%,,
3066,祷,3769,2441,0.0020%,,
1611,剖,3767,2442,0.0020%,,
3284,熙,3766,2443,0.0020%,,
1216,哗,3759,2444,0.0020%,,
2419,劈,3759,2445,0.0020%,,
2713,怯,3759,2446,0.0020%,,
3117,棠,3758,2447,0.0020%,,
1581,胳,3753,2448,0.0020%,,
2859,桩,3746,2449,0.0020%,,
3189,瑰,3744,2450,0.0019%,,
1691,娱,3740,2451,0.0019%,,
2957,娶,3733,2452,0.0019%,,
1017,沫,3731,2453,0.0019%,,
2194,嗓,3724,2454,0.0019%,,
2483,蹲,3720,2455,0.0019%,,
1866,淘,3718,2456,0.0019%,,
3102,焚,3718,2457,0.0019%,,
2350,嫩,3707,2458,0.0019%,,
2233,韵,3705,2459,0.0019%,,
1059,衬,3700,2460,0.0019%,,
2544,匈,3700,2461,0.0019%,,
1188,竖,3698,2462,0.0019%,,
2785,钧,3698,2463,0.0019%,,
2885,峻,3688,2464,0.0019%,,
2900,豹,3683,2465,0.0019%,,
1429,捞,3681,2466,0.0019%,,
1735,菊,3676,2467,0.0019%,,
2179,鄙,3670,2468,0.0019%,,
2315,魄,3664,2469,0.0019%,,
3021,兜,3663,2470,0.0019%,,
1195,哄,3660,2471,0.0019%,,
3247,颖,3658,2472,0.0019%,,
1685,屑,3655,2473,0.0019%,,
1209,蚁,3653,2474,0.0019%,,
1452,壶,3652,2475,0.0019%,,
1872,渗,3647,2476,0.0019%,,
651,秃,3640,2477,0.0019%,,
614,旱,3636,2478,0.0019%,,
2779,哟,3635,2479,0.0019%,,
1165,咸,3627,2480,0.0019%,,
2715,宛,3619,2481,0.0019%,,
3383,谴,3619,2482,0.0019%,,
2394,稻,3607,2483,0.0019%,,
2011,铸,3604,2484,0.0019%,,
2307,锻,3596,2485,0.0019%,,
1497,毙,3588,2486,0.0019%,,
2816,恍,3584,2487,0.0019%,,
2680,贬,3580,2488,0.0019%,,
1629,烛,3578,2489,0.0019%,,
2831,骇,3577,2490,0.0019%,,
2576,芯,3568,2491,0.0019%,,
274,汁,3564,2492,0.0019%,,
566,坊,3546,2493,0.0018%,,
790,驴,3532,2494,0.0018%,,
335,朽,3526,2495,0.0018%,,
3256,靖,3521,2496,0.0018%,,
664,佣,3517,2497,0.0018%,,
2167,碌,3497,2498,0.0018%,,
2537,迄,3496,2499,0.0018%,,
3406,冀,3487,2500,0.0018%,,
2745,荆,3479,2501,0.0018%,,
3003,崔,3476,2502,0.0018%,,
1972,雁,3474,2503,0.0018%,,
2729,绅,3472,2504,0.0018%,,
2737,珊,3465,2505,0.0018%,,
2287,榜,3458,2506,0.0018%,,
1380,诵,3447,2507,0.0018%,,
2045,傍,3444,2508,0.0018%,,
3343,醇,3433,2509,0.0018%,,
1793,笛,3409,2510,0.0018%,,
2056,禽,3408,2511,0.0018%,,
141,勿,3400,2512,0.0018%,,
3214,瞄,3383,2513,0.0018%,,
3357,幢,3376,2514,0.0018%,,
1882,寇,3354,2515,0.0017%,,
1523,贿,3346,2516,0.0017%,,
3212,睹,3346,2517,0.0017%,,
2386,踩,3343,2518,0.0017%,,
638,呜,3341,2519,0.0017%,,
2740,拱,3339,2520,0.0017%,,
2284,蔑,3330,2521,0.0017%,,
3273,缚,3326,2522,0.0017%,,
2718,诡,3323,2523,0.0017%,,
1861,淹,3315,2524,0.0017%,,
3417,篷,3315,2525,0.0017%,,
3150,腕,3314,2526,0.0017%,,
1930,煮,3313,2527,0.0017%,,
2703,卒,3306,2528,0.0017%,,
2955,勘,3303,2529,0.0017%,,
1479,逗,3271,2530,0.0017%,,
1226,贱,3270,2531,0.0017%,,
2606,甸,3270,2532,0.0017%,,
1012,炒,3260,2533,0.0017%,,
722,灿,3254,2534,0.0017%,,
1982,敞,3248,2535,0.0017%,,
2302,蜡,3246,2536,0.0017%,,
2519,囚,3242,2537,0.0017%,,
1480,栗,3240,2538,0.0017%,,
1952,辜,3235,2539,0.0017%,,
1127,垫,3233,2540,0.0017%,,
2634,妒,3228,2541,0.0017%,,
3239,魁,3227,2542,0.0017%,,
2108,谣,3219,2543,0.0017%,,
3264,寞,3217,2544,0.0017%,,
254,甩,3208,2545,0.0017%,,
3229,蜀,3208,2546,0.0017%,,
855,枕,3206,2547,0.0017%,,
3045,涯,3206,2548,0.0017%,,
2503,丐,3201,2549,0.0017%,,
1030,泳,3198,2550,0.0017%,,
2710,泌,3192,2551,0.0017%,,
3147,逾,3189,2552,0.0017%,,
220,叮,3188,2553,0.0017%,,
2471,燥,3171,2554,0.0017%,,
2952,掷,3170,2555,0.0017%,,
2658,枢,3169,2556,0.0017%,,
3380,憎,3169,2557,0.0017%,,
3422,鲸,3158,2558,0.0016%,,
1551,倚,3149,2559,0.0016%,,
1259,侮,3144,2560,0.0016%,,
2645,拂,3135,2561,0.0016%,,
3384,鹤,3133,2562,0.0016%,,
1296,蚀,3131,2563,0.0016%,,
1593,浆,3130,2564,0.0016%,,
2572,芙,3130,2565,0.0016%,,
820,垃,3127,2566,0.0016%,,
1625,烤,3125,2567,0.0016%,,
1505,晒,3124,2568,0.0016%,,
2460,霜,3119,2569,0.0016%,,
3275,剿,3112,2570,0.0016%,,
3337,蕴,3110,2571,0.0016%,,
324,圾,3102,2572,0.0016%,,
387,屿,3098,2573,0.0016%,,
1909,绸,3098,2574,0.0016%,,
2788,氢,3092,2575,0.0016%,,
1098,驼,3084,2576,0.0016%,,
2546,妆,3083,2577,0.0016%,,
1441,捆,3079,2578,0.0016%,,
1529,铅,3075,2579,0.0016%,,
2906,逛,3074,2580,0.0016%,,
3046,淑,3069,2581,0.0016%,,
2286,榴,3068,2582,0.0016%,,
196,丙,3055,2583,0.0016%,,
1836,痒,3055,2584,0.0016%,,
1229,钞,3049,2585,0.0016%,,
2432,蹄,3045,2586,0.0016%,,
88,犬,3042,2587,0.0016%,,
1564,躬,3037,2588,0.0016%,,
1385,昼,3036,2589,0.0016%,,
3477,藻,3035,2590,0.0016%,,
2000,蛛,3033,2591,0.0016%,,
3323,褐,3032,2592,0.0016%,,
3113,颊,3025,2593,0.0016%,,
3160,奠,3020,2594,0.0016%,,
3096,募,3018,2595,0.0016%,,
1455,耽,3005,2596,0.0016%,,
2463,蹈,3004,2597,0.0016%,,
2723,陋,2995,2598,0.0016%,,
2687,侣,2994,2599,0.0016%,,
940,侄,2987,2600,0.0016%,,
2769,虐,2979,2601,0.0016%,,
3071,堕,2977,2602,0.0016%,,
2852,莹,2973,2603,0.0015%,,
1289,狡,2971,2604,0.0015%,,
1318,阀,2970,2605,0.0015%,,
1416,绞,2963,2606,0.0015%,,
1113,垮,2958,2607,0.0015%,,
2326,膏,2958,2608,0.0015%,,
842,茎,2956,2609,0.0015%,,
3182,缅,2945,2610,0.0015%,,
1991,喇,2939,2611,0.0015%,,
1407,绒,2929,2612,0.0015%,,
1935,搅,2922,2613,0.0015%,,
2353,凳,2921,2614,0.0015%,,
2970,梭,2913,2615,0.0015%,,
2786,钮,2906,2616,0.0015%,,
3104,棺,2901,2617,0.0015%,,
2846,耿,2899,2618,0.0015%,,
3184,缔,2897,2619,0.0015%,,
3429,懈,2893,2620,0.0015%,,
3272,嫉,2892,2621,0.0015%,,
721,灶,2891,2622,0.0015%,,
145,匀,2890,2623,0.0015%,,
1814,鸽,2886,2624,0.0015%,,
2450,澡,2882,2625,0.0015%,,
3116,凿,2880,2626,0.0015%,,
2635,纬,2874,2627,0.0015%,,
1032,沸,2860,2628,0.0015%,,
65,刃,2858,2629,0.0015%,,
3123,畴,2858,2630,0.0015%,,
3121,遏,2849,2631,0.0015%,,
2809,烁,2847,2632,0.0015%,,
3225,嗅,2843,2633,0.0015%,,
2515,叭,2842,2634,0.0015%,,
3277,熬,2841,2635,0.0015%,,
2977,奢,2835,2636,0.0015%,,
2646,拙,2833,2637,0.0015%,,
1155,栋,2830,2638,0.0015%,,
2023,毯,2827,2639,0.0015%,,
1467,桐,2821,2640,0.0015%,,
2763,砂,2820,2641,0.0015%,,
1029,泻,2816,2642,0.0015%,,
2849,莽,2816,2643,0.0015%,,
2641,坪,2815,2644,0.0015%,,
1744,梳,2806,2645,0.0015%,,
2579,杉,2805,2646,0.0015%,,
2983,晤,2805,2647,0.0015%,,
3236,稚,2803,2648,0.0015%,,
2369,蔬,2799,2649,0.0015%,,
2303,蝇,2761,2650,0.0014%,,
876,顷,2753,2651,0.0014%,,
2843,捣,2753,2652,0.0014%,,
3112,硫,2742,2653,0.0014%,,
2072,羡,2739,2654,0.0014%,,
2491,嚼,2739,2655,0.0014%,,
2622,沦,2738,2656,0.0014%,,
2625,沪,2737,2657,0.0014%,,
624,旷,2731,2658,0.0014%,,
2967,彬,2724,2659,0.0014%,,
578,芽,2717,2660,0.0014%,,
1585,狸,2715,2661,0.0014%,,
3293,碳,2711,2662,0.0014%,,
2772,咧,2707,2663,0.0014%,,
1878,惕,2698,2664,0.0014%,,
1986,暑,2697,2665,0.0014%,,
1731,萝,2694,2666,0.0014%,,
2623,汹,2684,2667,0.0014%,,
2223,腥,2677,2668,0.0014%,,
3265,窥,2673,2669,0.0014%,,
2893,俺,2671,2670,0.0014%,,
3371,潭,2665,2671,0.0014%,,
3001,崎,2662,2672,0.0014%,,
1447,捡,2653,2673,0.0014%,,
2744,拯,2650,2674,0.0014%,,
3377,澄,2649,2675,0.0014%,,
2960,萎,2647,2676,0.0014%,,
2922,涡,2644,2677,0.0014%,,
2247,滔,2642,2678,0.0014%,,
3217,暇,2641,2679,0.0014%,,
3260,溯,2639,2680,0.0014%,,
3491,鳞,2635,2681,0.0014%,,
2292,酿,2633,2682,0.0014%,,
2749,茵,2631,2683,0.0014%,,
3170,愕,2631,2684,0.0014%,,
2283,暮,2626,2685,0.0014%,,
3240,衙,2625,2686,0.0014%,,
2820,诫,2614,2687,0.0014%,,
961,斧,2598,2688,0.0014%,,
3043,焕,2595,2689,0.0014%,,
1964,棕,2590,2690,0.0013%,,
2600,佑,2589,2691,0.0013%,,
3348,嘶,2587,2692,0.0013%,,
2632,妓,2582,2693,0.0013%,,
3132,喧,2579,2694,0.0013%,,
3198,蓉,2578,2695,0.0013%,,
693,删,2577,2696,0.0013%,,
2372,樱,2572,2697,0.0013%,,
2602,伺,2570,2698,0.0013%,,
3226,嗡,2565,2699,0.0013%,,
1741,梢,2555,2700,0.0013%,,
551,坝,2552,2701,0.0013%,,
1425,蚕,2549,2702,0.0013%,,
3341,敷,2548,2703,0.0013%,,
3376,澜,2539,2704,0.0013%,,
594,杏,2538,2705,0.0013%,,
715,冶,2525,2706,0.0013%,,
1116,挠,2523,2707,0.0013%,,
2612,庇,2523,2708,0.0013%,,
1934,搂,2512,2709,0.0013%,,
2847,聂,2503,2710,0.0013%,,
3073,婉,2503,2711,0.0013%,,
3412,噪,2501,2712,0.0013%,,
2397,稼,2500,2713,0.0013%,,
3468,鳍,2491,2714,0.0013%,,
2958,菱,2489,2715,0.0013%,,
1427,盏,2486,2716,0.0013%,,
2835,匿,2479,2717,0.0013%,,
2587,吱,2478,2718,0.0013%,,
3267,寝,2475,2719,0.0013%,,
3087,揽,2474,2720,0.0013%,,
3496,髓,2474,2721,0.0013%,,
2683,秉,2472,2722,0.0013%,,
2520,矢,2466,2723,0.0013%,,
2869,哺,2466,2724,0.0013%,,
915,帜,2452,2725,0.0013%,,
2300,嗽,2438,2726,0.0013%,,
2741,挟,2438,2727,0.0013%,,
1235,缸,2437,2728,0.0013%,,
1937,揉,2427,2729,0.0013%,,
3241,腻,2425,2730,0.0013%,,
2557,驯,2423,2731,0.0013%,,
3183,缆,2410,2732,0.0013%,,
1510,晌,2401,2733,0.0013%,,
3368,瘫,2399,2734,0.0012%,,
2681,贮,2398,2735,0.0012%,,
2693,觅,2396,2736,0.0012%,,
3456,朦,2394,2737,0.0012%,,
2403,僻,2391,2738,0.0012%,,
3281,蔓,2390,2739,0.0012%,,
3133,嵌,2387,2740,0.0012%,,
2873,畔,2378,2741,0.0012%,,
2939,琐,2377,2742,0.0012%,,
3290,碟,2375,2743,0.0012%,,
2927,涩,2373,2744,0.0012%,,
2797,胧,2365,2745,0.0012%,,
2477,蹦,2358,2746,0.0012%,,
3471,襟,2346,2747,0.0012%,,
232,叨,2344,2748,0.0012%,,
2543,旭,2341,2749,0.0012%,,
2553,诀,2341,2750,0.0012%,,
1208,虾,2338,2751,0.0012%,,
3482,簿,2333,2752,0.0012%,,
2998,啤,2332,2753,0.0012%,,
3332,擒,2328,2754,0.0012%,,
862,枣,2319,2755,0.0012%,,
2589,呕,2292,2756,0.0012%,,
1414,骆,2290,2757,0.0012%,,
2513,凸,2287,2758,0.0012%,,
2336,熄,2284,2759,0.0012%,,
2298,裳,2274,2760,0.0012%,,
2518,凹,2273,2761,0.0012%,,
3135,赎,2271,2762,0.0012%,,
97,屯,2268,2763,0.0012%,,
2407,膛,2266,2764,0.0012%,,
1340,浇,2265,2765,0.0012%,,
2617,灼,2262,2766,0.0012%,,
2863,砰,2261,2767,0.0012%,,
3108,棘,2256,2768,0.0012%,,
2373,橡,2251,2769,0.0012%,,
1752,聋,2250,2770,0.0012%,,
3292,碱,2250,2771,0.0012%,,
1394,姥,2249,2772,0.0012%,,
1730,萌,2229,2773,0.0012%,,
2707,沮,2229,2774,0.0012%,,
2790,俏,2229,2775,0.0012%,,
2272,撇,2219,2776,0.0012%,,
3107,粟,2219,2777,0.0012%,,
2074,粪,2217,2778,0.0012%,,
2653,苟,2213,2779,0.0012%,,
1211,蚂,2206,2780,0.0011%,,
1260,俭,2193,2781,0.0011%,,
913,帖,2191,2782,0.0011%,,
2237,煎,2183,2783,0.0011%,,
3185,缕,2181,2784,0.0011%,,
3452,簇,2173,2785,0.0011%,,
3100,棱,2168,2786,0.0011%,,
2590,呐,2163,2787,0.0011%,,
2853,莺,2152,2788,0.0011%,,
3297,墅,2152,2789,0.0011%,,
1648,烫,2149,2790,0.0011%,,
1999,蛙,2149,2791,0.0011%,,
663,伶,2148,2792,0.0011%,,
2504,歹,2148,2793,0.0011%,,
1949,葱,2147,2794,0.0011%,,
2867,哮,2146,2795,0.0011%,,
2642,坤,2141,2796,0.0011%,,
3254,廓,2141,2797,0.0011%,,
2549,讳,2139,2798,0.0011%,,
3131,啼,2138,2799,0.0011%,,
2521,乍,2131,2800,0.0011%,,
2485,瓣,2127,2801,0.0011%,,
3013,矫,2126,2802,0.0011%,,
2657,枉,2124,2803,0.0011%,,
3124,跋,2124,2804,0.0011%,,
2968,梗,2121,2805,0.0011%,,
867,厕,2118,2806,0.0011%,,
3082,琢,2117,2807,0.0011%,,
2508,讥,2114,2808,0.0011%,,
3266,窟,2109,2809,0.0011%,,
3028,敛,2107,2810,0.0011%,,
2614,庐,2097,2811,0.0011%,,
2796,胚,2093,2812,0.0011%,,
2674,呻,2092,2813,0.0011%,,
3075,绰,2089,2814,0.0011%,,
2563,扼,2087,2815,0.0011%,,
1250,竿,2083,2816,0.0011%,,
3319,慷,2078,2817,0.0011%,,
2201,锤,2071,2818,0.0011%,,
2857,栓,2068,2819,0.0011%,,
1592,桨,2067,2820,0.0011%,,
1512,蚊,2065,2821,0.0011%,,
3345,磅,2064,2822,0.0011%,,
3475,孽,2063,2823,0.0011%,,
1875,惭,2062,2824,0.0011%,,
3473,戳,2051,2825,0.0011%,,
3252,禀,2048,2826,0.0011%,,
3168,溅,2019,2827,0.0011%,,
2781,钙,2017,2828,0.0011%,,
3438,礁,2017,2829,0.0011%,,
3314,彰,2014,2830,0.0010%,,
1765,眯,2013,2831,0.0010%,,
3462,豁,2013,2832,0.0010%,,
3439,磷,2012,2833,0.0010%,,
2526,迂,2007,2834,0.0010%,,
3466,瞻,2005,2835,0.0010%,,
2980,颅,2004,2836,0.0010%,,
2941,琉,2000,2837,0.0010%,,
1876,悼,1997,2838,0.0010%,,
2389,蝴,1991,2839,0.0010%,,
804,拣,1981,2840,0.0010%,,
3166,渺,1980,2841,0.0010%,,
3041,眷,1973,2842,0.0010%,,
2929,悯,1970,2843,0.0010%,,
2620,汰,1968,2844,0.0010%,,
1900,婶,1965,2845,0.0010%,,
3498,镶,1950,2846,0.0010%,,
1014,炕,1949,2847,0.0010%,,
2819,宦,1948,2848,0.0010%,,
1203,趴,1942,2849,0.0010%,,
3076,绷,1941,2850,0.0010%,,
3174,窘,1935,2851,0.0010%,,
3467,嚣,1930,2852,0.0010%,,
2861,酌,1928,2853,0.0010%,,
1341,浊,1924,2854,0.0010%,,
3215,嗜,1922,2855,0.0010%,,
3390,撼,1922,2856,0.0010%,,
315,扛,1921,2857,0.0010%,,
2883,峭,1918,2858,0.0010%,,
3115,翘,1909,2859,0.0010%,,
3344,磕,1909,2860,0.0010%,,
2371,槽,1908,2861,0.0010%,,
2758,栅,1906,2862,0.0010%,,
3047,淌,1906,2863,0.0010%,,
3237,颓,1900,2864,0.0010%,,
3305,熏,1900,2865,0.0010%,,
2599,牡,1889,2866,0.0010%,,
3079,缀,1887,2867,0.0010%,,
2794,徊,1885,2868,0.0010%,,
1788,梨,1884,2869,0.0010%,,
2697,肪,1882,2870,0.0010%,,
2926,涕,1880,2871,0.0010%,,
3153,惫,1879,2872,0.0010%,,
3280,摹,1879,2873,0.0010%,,
3407,踱,1878,2874,0.0010%,,
2605,肘,1877,2875,0.0010%,,
2337,熔,1873,2876,0.0010%,,
2842,挚,1873,2877,0.0010%,,
3142,氯,1872,2878,0.0010%,,
2732,绎,1870,2879,0.0010%,,
3369,凛,1870,2880,0.0010%,,
3036,庶,1863,2881,0.0010%,,
3030,脯,1860,2882,0.0010%,,
3213,睦,1859,2883,0.0010%,,
2930,窍,1856,2884,0.0010%,,
2113,粥,1854,2885,0.0010%,,
3037,庵,1851,2886,0.0010%,,
2624,沧,1848,2887,0.0010%,,
1403,怠,1847,2888,0.0010%,,
2802,奕,1847,2889,0.0010%,,
2673,咙,1845,2890,0.0010%,,
2890,氨,1843,2891,0.0010%,,
3500,矗,1843,2892,0.0010%,,
2978,盔,1842,2893,0.0010%,,
2647,拇,1839,2894,0.0010%,,
2619,沛,1834,2895,0.0010%,,
3090,揣,1829,2896,0.0010%,,
1781,崭,1827,2897,0.0010%,,
2458,鞠,1821,2898,0.0009%,,
1381,垦,1819,2899,0.0009%,,
1347,洽,1809,2900,0.0009%,,
2997,唾,1809,2901,0.0009%,,
3399,橱,1806,2902,0.0009%,,
2304,蜘,1804,2903,0.0009%,,
2230,痰,1791,2904,0.0009%,,
1669,袜,1790,2905,0.0009%,,
2762,柬,1772,2906,0.0009%,,
3300,蝉,1771,2907,0.0009%,,
3483,蟹,1771,2908,0.0009%,,
3129,鹃,1768,2909,0.0009%,,
3396,擎,1768,2910,0.0009%,,
1311,疤,1765,2911,0.0009%,,
1785,铲,1756,2912,0.0009%,,
2782,钝,1752,2913,0.0009%,,
2583,匣,1747,2914,0.0009%,,
2704,氓,1747,2915,0.0009%,,
2721,弧,1742,2916,0.0009%,,
3232,锥,1738,2917,0.0009%,,
1928,揪,1735,2918,0.0009%,,
590,杠,1732,2919,0.0009%,,
2594,吭,1731,2920,0.0009%,,
2821,诬,1725,2921,0.0009%,,
2571,抒,1724,2922,0.0009%,,
2928,悍,1715,2923,0.0009%,,
3484,靡,1715,2924,0.0009%,,
2985,晦,1714,2925,0.0009%,,
2375,醋,1712,2926,0.0009%,,
2204,锯,1709,2927,0.0009%,,
2506,夭,1709,2928,0.0009%,,
3432,壕,1709,2929,0.0009%,,
2688,侈,1703,2930,0.0009%,,
2061,猾,1697,2931,0.0009%,,
3023,徘,1695,2932,0.0009%,,
3111,硝,1695,2933,0.0009%,,
671,皂,1691,2934,0.0009%,,
3027,舵,1689,2935,0.0009%,,
3216,嗦,1689,2936,0.0009%,,
2607,狈,1688,2937,0.0009%,,
3193,靴,1688,2938,0.0009%,,
2837,捂,1687,2939,0.0009%,,
1308,疮,1681,2940,0.0009%,,
2651,苛,1679,2941,0.0009%,,
3015,秽,1676,2942,0.0009%,,
3092,搓,1673,2943,0.0009%,,
2229,酱,1668,2944,0.0009%,,
2894,赁,1668,2945,0.0009%,,
3435,檐,1667,2946,0.0009%,,
2368,蕉,1663,2947,0.0009%,,
2656,苔,1660,2948,0.0009%,,
2946,赦,1659,2949,0.0009%,,
2120,缎,1658,2950,0.0009%,,
3026,舷,1654,2951,0.0009%,,
3238,筷,1652,2952,0.0009%,,
2917,紊,1639,2953,0.0009%,,
3181,婿,1635,2954,0.0009%,,
3321,寥,1633,2955,0.0009%,,
3286,兢,1632,2956,0.0008%,,
3425,糙,1631,2957,0.0008%,,
2637,卦,1628,2958,0.0008%,,
2155,槐,1627,2959,0.0008%,,
185,扒,1623,2960,0.0008%,,
2117,絮,1617,2961,0.0008%,,
2577,芭,1615,2962,0.0008%,,
2720,屉,1612,2963,0.0008%,,
3157,痪,1611,2964,0.0008%,,
3078,绽,1607,2965,0.0008%,,
1657,宵,1604,2966,0.0008%,,
2595,邑,1604,2967,0.0008%,,
684,岔,1599,2968,0.0008%,,
841,茄,1596,2969,0.0008%,,
2800,饵,1596,2970,0.0008%,,
2561,韧,1593,2971,0.0008%,,
3347,憋,1588,2972,0.0008%,,
2694,忿,1578,2973,0.0008%,,
3022,衅,1578,2974,0.0008%,,
3052,淳,1577,2975,0.0008%,,
3146,粤,1572,2976,0.0008%,,
3178,隘,1570,2977,0.0008%,,
3427,濒,1569,2978,0.0008%,,
3218,畸,1562,2979,0.0008%,,
2568,坞,1559,2980,0.0008%,,
2870,剔,1559,2981,0.0008%,,
3419,篱,1558,2982,0.0008%,,
3054,淀,1557,2983,0.0008%,,
2995,唬,1554,2984,0.0008%,,
2200,锣,1552,2985,0.0008%,,
2989,趾,1552,2986,0.0008%,,
3192,斟,1547,2987,0.0008%,,
3335,鞍,1545,2988,0.0008%,,
2565,扳,1540,2989,0.0008%,,
1123,拴,1537,2990,0.0008%,,
2627,诅,1535,2991,0.0008%,,
3461,懦,1531,2992,0.0008%,,
1789,犁,1530,2993,0.0008%,,
2866,逞,1530,2994,0.0008%,,
2644,拧,1529,2995,0.0008%,,
2547,亥,1528,2996,0.0008%,,
2731,绊,1525,2997,0.0008%,,
3242,腮,1522,2998,0.0008%,,
1959,椒,1518,2999,0.0008%,,
3285,蔚,1518,3000,0.0008%,,
2982,眶,1511,3001,0.0008%,,
2756,栈,1507,3002,0.0008%,,
3395,薇,1504,3003,0.0008%,,
2696,肮,1499,3004,0.0008%,,
3470,瀑,1497,3005,0.0008%,,
2081,渣,1495,3006,0.0008%,,
3268,褂,1493,3007,0.0008%,,
2516,叽,1492,3008,0.0008%,,
3463,臀,1489,3009,0.0008%,,
3490,巍,1485,3010,0.0008%,,
2702,疚,1480,3011,0.0008%,,
3363,鲤,1479,3012,0.0008%,,
3405,辙,1466,3013,0.0008%,,
3379,懊,1462,3014,0.0008%,,
2818,恤,1459,3015,0.0008%,,
2916,疹,1458,3016,0.0008%,,
3009,铝,1453,3017,0.0008%,,
2924,涤,1452,3018,0.0008%,,
2815,恃,1445,3019,0.0008%,,
1172,砌,1442,3020,0.0008%,,
3203,楞,1436,3021,0.0007%,,
2555,阱,1433,3022,0.0007%,,
2811,洼,1430,3023,0.0007%,,
2660,枫,1418,3024,0.0007%,,
2739,拷,1418,3025,0.0007%,,
2777,哆,1417,3026,0.0007%,,
2574,苇,1416,3027,0.0007%,,
3381,翩,1414,3028,0.0007%,,
3061,窒,1413,3029,0.0007%,,
2903,胰,1411,3030,0.0007%,,
3194,靶,1411,3031,0.0007%,,
2573,芜,1409,3032,0.0007%,,
2467,辫,1408,3033,0.0007%,,
3448,嚎,1408,3034,0.0007%,,
3230,幌,1403,3035,0.0007%,,
2601,佃,1401,3036,0.0007%,,
3095,葫,1399,3037,0.0007%,,
2245,滤,1394,3038,0.0007%,,
2178,睬,1392,3039,0.0007%,,
2501,匕,1388,3040,0.0007%,,
3176,谤,1387,3041,0.0007%,,
3227,嗤,1387,3042,0.0007%,,
2838,捍,1385,3043,0.0007%,,
3311,孵,1383,3044,0.0007%,,
3423,瘾,1379,3045,0.0007%,,
3049,淆,1375,3046,0.0007%,,
3336,蕊,1373,3047,0.0007%,,
1626,烘,1371,3048,0.0007%,,
205,轧,1367,3049,0.0007%,,
2886,赂,1362,3050,0.0007%,,
2156,榆,1360,3051,0.0007%,,
3354,蝗,1360,3052,0.0007%,,
2938,骏,1358,3053,0.0007%,,
44,勺,1357,3054,0.0007%,,
1006,闸,1352,3055,0.0007%,,
3338,樊,1346,3056,0.0007%,,
2742,垢,1341,3057,0.0007%,,
3313,瘟,1341,3058,0.0007%,,
2966,菇,1339,3059,0.0007%,,
1336,剃,1337,3060,0.0007%,,
2810,炫,1329,3061,0.0007%,,
3263,溺,1329,3062,0.0007%,,
2827,陨,1324,3063,0.0007%,,
2887,赃,1321,3064,0.0007%,,
3301,嘀,1318,3065,0.0007%,,
3421,膳,1315,3066,0.0007%,,
2865,殉,1310,3067,0.0007%,,
2806,闽,1307,3068,0.0007%,,
2954,掺,1303,3069,0.0007%,,
2093,惰,1302,3070,0.0007%,,
3120,喳,1302,3071,0.0007%,,
3106,椭,1301,3072,0.0007%,,
2778,咪,1298,3073,0.0007%,,
3404,霎,1296,3074,0.0007%,,
3173,窖,1292,3075,0.0007%,,
2822,祠,1291,3076,0.0007%,,
2542,肋,1282,3077,0.0007%,,
2626,忱,1268,3078,0.0007%,,
3393,蕾,1268,3079,0.0007%,,
2975,硅,1264,3080,0.0007%,,
1013,炊,1262,3081,0.0007%,,
3351,蝠,1259,3082,0.0007%,,
2738,拭,1257,3083,0.0007%,,
2825,屎,1257,3084,0.0007%,,
3324,褪,1256,3085,0.0007%,,
3325,隧,1252,3086,0.0007%,,
2746,茸,1247,3087,0.0006%,,
1525,钳,1243,3088,0.0006%,,
2990,啃,1242,3089,0.0006%,,
2805,闺,1236,3090,0.0006%,,
3304,舔,1236,3091,0.0006%,,
3480,蹬,1233,3092,0.0006%,,
3065,袱,1227,3093,0.0006%,,
1161,柿,1221,3094,0.0006%,,
2666,殴,1221,3095,0.0006%,,
2969,梧,1218,3096,0.0006%,,
2554,弛,1215,3097,0.0006%,,
2686,侥,1215,3098,0.0006%,,
2844,捅,1211,3099,0.0006%,,
2972,酝,1206,3100,0.0006%,,
2422,薯,1204,3101,0.0006%,,
3375,澈,1202,3102,0.0006%,,
2018,锈,1198,3103,0.0006%,,
2207,稠,1194,3104,0.0006%,,
2676,咆,1191,3105,0.0006%,,
2766,鸥,1189,3106,0.0006%,,
3387,嬉,1183,3107,0.0006%,,
2905,脓,1180,3108,0.0006%,,
2354,骡,1178,3109,0.0006%,,
2465,穗,1178,3110,0.0006%,,
2527,邢,1176,3111,0.0006%,,
3091,搀,1172,3112,0.0006%,,
3444,曙,1171,3113,0.0006%,,
3072,隅,1167,3114,0.0006%,,
2034,筛,1166,3115,0.0006%,,
3067,谒,1163,3116,0.0006%,,
3253,痹,1158,3117,0.0006%,,
3033,猖,1157,3118,0.0006%,,
2604,肛,1147,3119,0.0006%,,
2192,蛾,1145,3120,0.0006%,,
2868,唠,1143,3121,0.0006%,,
2754,荧,1142,3122,0.0006%,,
3316,漱,1139,3123,0.0006%,,
3488,攘,1138,3124,0.0006%,,
3416,篡,1137,3125,0.0006%,,
3398,噩,1133,3126,0.0006%,,
3024,徙,1131,3127,0.0006%,,
2935,祟,1127,3128,0.0006%,,
3258,漓,1127,3129,0.0006%,,
3029,翎,1125,3130,0.0006%,,
2592,呛,1120,3131,0.0006%,,
2030,筐,1119,3132,0.0006%,,
3437,檀,1119,3133,0.0006%,,
2588,吠,1113,3134,0.0006%,,
2556,驮,1111,3135,0.0006%,,
2705,炬,1107,3136,0.0006%,,
2962,萤,1103,3137,0.0006%,,
2038,筝,1100,3138,0.0006%,,
3494,霹,1095,3139,0.0006%,,
2920,烙,1093,3140,0.0006%,,
2608,鸠,1092,3141,0.0006%,,
2141,蒜,1091,3142,0.0006%,,
2947,埠,1091,3143,0.0006%,,
406,乒,1086,3144,0.0006%,,
1771,啄,1084,3145,0.0006%,,
2787,毡,1082,3146,0.0006%,,
3382,褥,1081,3147,0.0006%,,
3094,搔,1080,3148,0.0006%,,
1547,笋,1079,3149,0.0006%,,
2698,狞,1078,3150,0.0006%,,
2986,冕,1078,3151,0.0006%,,
3283,蔼,1075,3152,0.0006%,,
3035,烹,1074,3153,0.0006%,,
2665,奄,1073,3154,0.0006%,,
2618,沐,1072,3155,0.0006%,,
909,咏,1067,3156,0.0006%,,
2878,圃,1066,3157,0.0006%,,
2948,捻,1066,3158,0.0006%,,
3058,悴,1064,3159,0.0006%,,
2783,钠,1061,3160,0.0006%,,
2945,捶,1061,3161,0.0006%,,
1373,袄,1057,3162,0.0006%,,
3370,澎,1056,3163,0.0005%,,
3141,氮,1055,3164,0.0005%,,
3249,雏,1052,3165,0.0005%,,
3085,堰,1049,3166,0.0005%,,
3330,撮,1049,3167,0.0005%,,
3413,鹦,1049,3168,0.0005%,,
3177,犀,1044,3169,0.0005%,,
2706,沽,1043,3170,0.0005%,,
3340,橄,1043,3171,0.0005%,,
2949,掐,1042,3172,0.0005%,,
2979,匾,1033,3173,0.0005%,,
3231,锚,1033,3174,0.0005%,,
407,乓,1032,3175,0.0005%,,
3088,揖,1031,3176,0.0005%,,
2613,吝,1030,3177,0.0005%,,
3378,憔,1030,3178,0.0005%,,
2823,诲,1028,3179,0.0005%,,
2864,砾,1028,3180,0.0005%,,
3489,蠕,1028,3181,0.0005%,,
2692,肴,1026,3182,0.0005%,,
3329,撩,1025,3183,0.0005%,,
3110,酥,1014,3184,0.0005%,,
1540,秧,1003,3185,0.0005%,,
2090,溉,1000,3186,0.0005%,,
2143,鹊,999,3187,0.0005%,,
2701,疙,998,3188,0.0005%,,
3476,蘑,998,3189,0.0005%,,
3201,楷,994,3190,0.0005%,,
3138,锌,992,3191,0.0005%,,
3289,酵,992,3192,0.0005%,,
3302,幔,988,3193,0.0005%,,
3365,褒,987,3194,0.0005%,,
3084,揍,986,3195,0.0005%,,
2895,倔,985,3196,0.0005%,,
2932,诽,985,3197,0.0005%,,
2016,锄,981,3198,0.0005%,,
3474,攒,977,3199,0.0005%,,
3114,雳,974,3200,0.0005%,,
3312,瘩,974,3201,0.0005%,,
2534,吆,973,3202,0.0005%,,
3333,墩,972,3203,0.0005%,,
2603,囱,968,3204,0.0005%,,
2858,桅,966,3205,0.0005%,,
1179,殃,964,3206,0.0005%,,
2792,俐,960,3207,0.0005%,,
2807,籽,957,3208,0.0005%,,
2933,袒,957,3209,0.0005%,,
823,拌,950,3210,0.0005%,,
3400,橙,946,3211,0.0005%,,
3276,赘,945,3212,0.0005%,,
3053,淤,943,3213,0.0005%,,
1953,葵,941,3214,0.0005%,,
3109,酣,939,3215,0.0005%,,
2942,琅,938,3216,0.0005%,,
3481,簸,937,3217,0.0005%,,
237,禾,936,3218,0.0005%,,
3472,璧,929,3219,0.0005%,,
3059,惋,925,3220,0.0005%,,
3149,腋,925,3221,0.0005%,,
2252,粱,918,3222,0.0005%,,
2621,沥,918,3223,0.0005%,,
1437,捎,913,3224,0.0005%,,
2919,羔,911,3225,0.0005%,,
3202,榄,905,3226,0.0005%,,
1142,茧,904,3227,0.0005%,,
3188,鹉,901,3228,0.0005%,,
2426,橘,900,3229,0.0005%,,
3331,撬,900,3230,0.0005%,,
2892,笆,896,3231,0.0005%,,
3038,痊,893,3232,0.0005%,,
2611,刨,888,3233,0.0005%,,
3223,蜕,886,3234,0.0005%,,
3069,谚,884,3235,0.0005%,,
2322,馒,881,3236,0.0005%,,
2648,拗,881,3237,0.0005%,,
2719,帚,878,3238,0.0005%,,
3308,箫,874,3239,0.0005%,,
2502,刁,871,3240,0.0005%,,
3389,缭,867,3241,0.0005%,,
2509,冗,863,3242,0.0004%,,
1297,饺,856,3243,0.0004%,,
2882,唆,852,3244,0.0004%,,
3127,蜒,852,3245,0.0004%,,
3018,偎,850,3246,0.0004%,,
2288,榨,849,3247,0.0004%,,
3208,碉,848,3248,0.0004%,,
2760,枷,845,3249,0.0004%,,
3205,酪,840,3250,0.0004%,,
3086,揩,837,3251,0.0004%,,
3445,蹋,826,3252,0.0004%,,
3206,碘,823,3253,0.0004%,,
3346,碾,820,3254,0.0004%,,
3391,擂,819,3255,0.0004%,,
2730,驹,810,3256,0.0004%,,
3318,漾,803,3257,0.0004%,,
2597,吮,800,3258,0.0004%,,
229,叼,797,3259,0.0004%,,
3158,竣,794,3260,0.0004%,,
3317,漩,794,3261,0.0004%,,
3479,蹭,793,3262,0.0004%,,
3459,糜,789,3263,0.0004%,,
2817,恬,786,3264,0.0004%,,
3219,跷,783,3265,0.0004%,,
3222,蜗,780,3266,0.0004%,,
3385,憨,780,3267,0.0004%,,
3128,蛤,769,3268,0.0004%,,
3442,瞳,769,3269,0.0004%,,
3401,瓢,766,3270,0.0004%,,
580,芹,765,3271,0.0004%,,
1537,秤,765,3272,0.0004%,,
3220,跺,765,3273,0.0004%,,
3372,潦,765,3274,0.0004%,,
2585,卤,758,3275,0.0004%,,
3326,嫡,758,3276,0.0004%,,
3487,鬓,758,3277,0.0004%,,
3057,惦,752,3278,0.0004%,,
3433,藐,750,3279,0.0004%,,
2884,唧,749,3280,0.0004%,,
2548,汛,748,3281,0.0004%,,
3007,铐,748,3282,0.0004%,,
2517,皿,745,3283,0.0004%,,
3165,渤,745,3284,0.0004%,,
3306,箍,743,3285,0.0004%,,
1830,馅,742,3286,0.0004%,,
2564,汞,738,3287,0.0004%,,
2813,涎,738,3288,0.0004%,,
3446,蟋,734,3289,0.0004%,,
3458,鳄,734,3290,0.0004%,,
2551,讹,729,3291,0.0004%,,
3144,筏,722,3292,0.0004%,,
2639,坯,720,3293,0.0004%,,
2801,峦,718,3294,0.0004%,,
2747,茬,717,3295,0.0004%,,
3447,蟀,717,3296,0.0004%,,
3328,撵,716,3297,0.0004%,,
3274,缤,715,3298,0.0004%,,
2654,苞,712,3299,0.0004%,,
2764,泵,709,3300,0.0004%,,
2888,钾,709,3301,0.0004%,,
3139,甥,696,3302,0.0004%,,
3366,瘪,694,3303,0.0004%,,
3408,蹂,691,3304,0.0004%,,
3169,湃,689,3305,0.0004%,,
3495,躏,688,3306,0.0004%,,
2478,镰,684,3307,0.0004%,,
2925,涧,681,3308,0.0004%,,
3355,蝙,679,3309,0.0004%,,
2904,脐,677,3310,0.0004%,,
3294,辕,675,3311,0.0004%,,
2923,涣,674,3312,0.0004%,,
2944,捺,670,3313,0.0003%,,
3014,秸,670,3314,0.0003%,,
2064,馋,669,3315,0.0003%,,
3430,窿,668,3316,0.0003%,,
3199,楔,667,3317,0.0003%,,
2755,荔,665,3318,0.0003%,,
3409,蟆,664,3319,0.0003%,,
2535,屹,663,3320,0.0003%,,
3431,缰,661,3321,0.0003%,,
2856,桦,660,3322,0.0003%,,
2951,掖,656,3323,0.0003%,,
2909,鸳,654,3324,0.0003%,,
2566,抡,652,3325,0.0003%,,
2638,坷,649,3326,0.0003%,,
2695,瓮,648,3327,0.0003%,,
3125,跛,648,3328,0.0003%,,
3299,踊,639,3329,0.0003%,,
3016,笙,636,3330,0.0003%,,
2734,贰,634,3331,0.0003%,,
3449,赡,627,3332,0.0003%,,
3486,羹,624,3333,0.0003%,,
3122,晾,622,3334,0.0003%,,
3221,蜈,620,3335,0.0003%,,
3464,藕,619,3336,0.0003%,,
3352,蝎,616,3337,0.0003%,,
3101,椰,615,3338,0.0003%,,
3303,镀,615,3339,0.0003%,,
2709,泞,614,3340,0.0003%,,
3410,螃,614,3341,0.0003%,,
3434,檬,613,3342,0.0003%,,
3424,瘸,609,3343,0.0003%,,
3497,蘸,609,3344,0.0003%,,
3282,蔗,607,3345,0.0003%,,
3019,傀,606,3346,0.0003%,,
2871,蚌,605,3347,0.0003%,,
3162,焙,601,3348,0.0003%,,
2690,刽,599,3349,0.0003%,,
3478,鳖,598,3350,0.0003%,,
3224,蛹,592,3351,0.0003%,,
2879,鸯,591,3352,0.0003%,,
2994,蛀,588,3353,0.0003%,,
3414,黔,582,3354,0.0003%,,
3453,儡,581,3355,0.0003%,,
2775,盅,578,3356,0.0003%,,
2575,芥,575,3357,0.0003%,,
1114,挎,574,3358,0.0003%,,
2743,垛,573,3359,0.0003%,,
2727,虱,572,3360,0.0003%,,
3361,篓,572,3361,0.0003%,,
2950,掂,567,3362,0.0003%,,
2610,灸,566,3363,0.0003%,,
2934,谆,565,3364,0.0003%,,
3126,蛔,563,3365,0.0003%,,
2832,耘,560,3366,0.0003%,,
2171,雹,558,3367,0.0003%,,
2875,蚪,556,3368,0.0003%,,
3426,燎,556,3369,0.0003%,,
2301,蜻,555,3370,0.0003%,,
2799,狰,553,3371,0.0003%,,
3204,楣,553,3372,0.0003%,,
2808,娄,551,3373,0.0003%,,
2830,蚤,548,3374,0.0003%,,
3190,搪,547,3375,0.0003%,,
2649,茉,545,3376,0.0003%,,
2854,梆,545,3377,0.0003%,,
3339,樟,545,3378,0.0003%,,
2598,岖,544,3379,0.0003%,,
2538,臼,543,3380,0.0003%,,
3485,癣,543,3381,0.0003%,,
2735,玷,541,3382,0.0003%,,
3250,馍,540,3383,0.0003%,,
2609,彤,536,3384,0.0003%,,
2001,蜓,533,3385,0.0003%,,
2773,昵,530,3386,0.0003%,,
3042,焊,530,3387,0.0003%,,
3064,裆,523,3388,0.0003%,,
2876,蚓,521,3389,0.0003%,,
2562,抠,520,3390,0.0003%,,
2874,蚣,519,3391,0.0003%,,
3155,痘,519,3392,0.0003%,,
3156,痢,519,3393,0.0003%,,
3353,蝌,514,3394,0.0003%,,
2992,蚯,513,3395,0.0003%,,
2748,荚,511,3396,0.0003%,,
2765,砚,509,3397,0.0003%,,
2833,耙,506,3398,0.0003%,,
3288,榕,505,3399,0.0003%,,
930,秆,502,3400,0.0003%,,
3327,缨,500,3401,0.0003%,,
2306,锹,499,3402,0.0003%,,
2937,娩,491,3403,0.0003%,,
2700,疟,485,3404,0.0003%,,
2910,馁,479,3405,0.0002%,,
2470,糠,475,3406,0.0002%,,
2558,纫,473,3407,0.0002%,,
1634,涝,471,3408,0.0002%,,
2615,闰,470,3409,0.0002%,,
2973,酗,467,3410,0.0002%,,
3200,椿,465,3411,0.0002%,,
3364,鲫,464,3412,0.0002%,,
3234,锭,461,3413,0.0002%,,
3235,锰,459,3414,0.0002%,,
3492,糯,455,3415,0.0002%,,
3342,豌,453,3416,0.0002%,,
2771,盹,452,3417,0.0002%,,
3148,腌,452,3418,0.0002%,,
3359,镐,451,3419,0.0002%,,
3469,癞,450,3420,0.0002%,,
2768,韭,449,3421,0.0002%,,
3145,牍,447,3422,0.0002%,,
2643,拄,444,3423,0.0002%,,
2836,埂,444,3424,0.0002%,,
2528,芋,440,3425,0.0002%,,
2899,豺,438,3426,0.0002%,,
2991,蛆,435,3427,0.0002%,,
2759,柠,434,3428,0.0002%,,
3140,掰,434,3429,0.0002%,,
2669,昙,426,3430,0.0002%,,
2757,柑,425,3431,0.0002%,,
2753,荤,419,3432,0.0002%,,
2804,飒,417,3433,0.0002%,,
2898,舀,415,3434,0.0002%,,
3196,蒿,412,3435,0.0002%,,
2908,鸵,405,3436,0.0002%,,
3291,碴,405,3437,0.0002%,,
3105,榔,397,3438,0.0002%,,
3440,瞭,395,3439,0.0002%,,
3307,箕,388,3440,0.0002%,,
2529,芍,385,3441,0.0002%,,
3457,臊,372,3442,0.0002%,,
2728,叁,367,3443,0.0002%,,
2953,掸,363,3444,0.0002%,,
3450,镣,363,3445,0.0002%,,
2872,蚜,360,3446,0.0002%,,
3008,铛,352,3447,0.0002%,,
2311,箩,348,3448,0.0002%,,
3152,猬,343,3449,0.0002%,,
2655,茁,337,3450,0.0002%,,
3010,铡,327,3451,0.0002%,,
3006,赊,323,3452,0.0002%,,
3298,嘁,320,3453,0.0002%,,
3262,滓,314,3454,0.0002%,,
2581,杈,313,3455,0.0002%,,
2902,胯,313,3456,0.0002%,,
3055,涮,313,3457,0.0002%,,
1737,菠,310,3458,0.0002%,,
2596,囤,308,3459,0.0002%,,
2993,蛉,301,3460,0.0002%,,
2512,夯,296,3461,0.0002%,,
3287,榛,290,3462,0.0002%,,
2663,矾,287,3463,0.0001%,,
3207,硼,287,3464,0.0001%,,
2652,苫,277,3465,0.0001%,,
3418,篙,276,3466,0.0001%,,
3350,嘹,271,3467,0.0001%,,
3233,锨,268,3468,0.0001%,,
3093,壹,267,3469,0.0001%,,
2716,衩,258,3470,0.0001%,,
3251,馏,250,3471,0.0001%,,
3279,蔫,241,3472,0.0001%,,
3011,铣,226,3473,0.0001%,,
2988,畦,224,3474,0.0001%,,
2880,唁,212,3475,0.0001%,,
3137,锉,209,3476,0.0001%,,
3362,膘,205,3477,0.0001%,,
3017,笤,190,3478,0.0001%,,
3195,蓖,190,3479,0.0001%,,
3257,誊,187,3480,0.0001%,,
2751,荞,177,3481,0.0001%,,
3499,瓤,175,3482,0.0001%,,
2559,玖,171,3483,0.0001%,,
3143,黍,169,3484,0.0001%,,
3411,螟,152,3485,0.0001%,,
2545,凫,147,3486,0.0001%,,
2889,铆,129,3487,0.0001%,,
2750,茴,126,3488,0.0001%,,
3358,镊,125,3489,0.0001%,,
3245,肄,107,3490,0.0001%,,
2840,捌,104,3491,0.0001%,,
3436,檩,96,3492,0.0000%,,
2752,荠,94,3493,0.0000%,,
2940,麸,83,3494,0.0000%,,
2891,秫,72,3495,0.0000%,,
3402,蟥,61,3496,0.0000%,,
2848,荸,55,3497,0.0000%,,
2789,秕,39,3498,0.0000%,,
2812,柒,17,3499,0.0000%,,